IP地址,数据中心,地区,城市,网络延迟
104.17.95.22,SJC,North America,San Jose,157 ms
104.19.121.228,SJC,North America,San Jose,158 ms
104.19.54.74,SJC,North America,San Jose,159 ms
104.18.63.236,SJC,North America,San Jose,161 ms
104.18.50.227,SJC,North America,San Jose,161 ms
104.18.62.119,SJC,North America,San Jose,161 ms
104.18.126.23,LAX,North America,Los Angeles,161 ms
104.18.51.95,SJC,North America,San Jose,161 ms
104.16.81.154,SJC,North America,San Jose,161 ms
141.101.123.254,SJC,North America,San Jose,162 ms
104.19.53.11,SJC,North America,San Jose,162 ms
104.19.240.47,LAX,North America,Los Angeles,162 ms
104.19.96.172,SJC,North America,San Jose,163 ms
104.18.112.141,LAX,North America,Los Angeles,163 ms
104.18.56.95,SJC,North America,San Jose,163 ms
104.19.23.221,SJC,North America,San Jose,163 ms
104.19.55.255,SJC,North America,San Jose,163 ms
104.19.2.215,SJC,North America,San Jose,163 ms
104.18.127.193,LAX,North America,Los Angeles,163 ms
104.18.49.105,SJC,North America,San Jose,163 ms
104.18.122.224,LAX,North America,Los Angeles,164 ms
104.18.61.225,SJC,North America,San Jose,164 ms
104.19.106.27,SJC,North America,San Jose,164 ms
162.159.254.134,LAX,North America,Los Angeles,164 ms
104.19.92.203,SJC,North America,San Jose,164 ms
104.19.72.195,SJC,North America,San Jose,165 ms
162.159.245.230,LAX,North America,Los Angeles,165 ms
104.19.51.10,SJC,North America,San Jose,165 ms
104.19.68.44,SJC,North America,San Jose,165 ms
104.19.119.70,SJC,North America,San Jose,165 ms
141.101.122.109,SJC,North America,San Jose,165 ms
104.19.52.152,SJC,North America,San Jose,165 ms
104.16.222.107,HKG,Asia Pacific,Hong Kong,165 ms
104.19.17.69,SJC,North America,San Jose,165 ms
104.19.49.186,SJC,North America,San Jose,165 ms
104.19.71.106,SJC,North America,San Jose,165 ms
104.19.74.97,SJC,North America,San Jose,165 ms
104.19.6.134,SJC,North America,San Jose,165 ms
104.18.57.200,SJC,North America,San Jose,165 ms
104.19.21.135,SJC,North America,San Jose,165 ms
104.19.142.44,LAX,North America,Los Angeles,166 ms
104.22.54.195,HKG,Asia Pacific,Hong Kong,166 ms
104.19.81.224,SJC,North America,San Jose,166 ms
104.19.89.78,SJC,North America,San Jose,166 ms
173.245.49.29,SJC,North America,San Jose,166 ms
104.19.94.75,SJC,North America,San Jose,166 ms
104.19.133.191,LAX,North America,Los Angeles,167 ms
104.18.118.138,LAX,North America,Los Angeles,167 ms
104.19.13.180,SJC,North America,San Jose,167 ms
104.19.247.247,LAX,North America,Los Angeles,167 ms
104.19.114.146,SJC,North America,San Jose,167 ms
104.17.78.73,HKG,Asia Pacific,Hong Kong,167 ms
104.18.48.29,SJC,North America,San Jose,167 ms
104.19.105.19,SJC,North America,San Jose,167 ms
104.19.107.113,SJC,North America,San Jose,167 ms
104.17.65.110,HKG,Asia Pacific,Hong Kong,167 ms
104.19.102.225,SJC,North America,San Jose,167 ms
104.18.115.122,LAX,North America,Los Angeles,167 ms
104.18.114.200,LAX,North America,Los Angeles,168 ms
104.21.225.195,LAX,North America,Los Angeles,168 ms
104.19.4.3,SJC,North America,San Jose,168 ms
104.22.31.65,HKG,Asia Pacific,Hong Kong,168 ms
141.101.120.0,SJC,North America,San Jose,168 ms
104.19.61.116,SJC,North America,San Jose,168 ms
104.19.38.32,SJC,North America,San Jose,168 ms
104.17.239.13,SJC,North America,San Jose,168 ms
104.21.226.228,LAX,North America,Los Angeles,169 ms
104.16.116.150,LAX,North America,Los Angeles,169 ms
162.159.251.38,LAX,North America,Los Angeles,169 ms
104.19.128.71,LAX,North America,Los Angeles,169 ms
104.18.116.148,LAX,North America,Los Angeles,169 ms
104.18.52.254,SJC,North America,San Jose,169 ms
104.21.234.208,LAX,North America,Los Angeles,169 ms
104.19.30.64,SJC,North America,San Jose,169 ms
104.19.66.23,SJC,North America,San Jose,169 ms
162.159.249.101,LAX,North America,Los Angeles,169 ms
104.16.223.91,HKG,Asia Pacific,Hong Kong,170 ms
104.22.16.167,HKG,Asia Pacific,Hong Kong,170 ms
104.18.120.175,LAX,North America,Los Angeles,170 ms
104.18.17.69,HKG,Asia Pacific,Hong Kong,170 ms
104.19.117.62,SJC,North America,San Jose,170 ms
104.19.252.108,LAX,North America,Los Angeles,170 ms
104.17.140.245,HKG,Asia Pacific,Hong Kong,170 ms
104.17.139.97,HKG,Asia Pacific,Hong Kong,170 ms
104.19.100.51,SJC,North America,San Jose,170 ms
104.19.101.7,SJC,North America,San Jose,170 ms
104.18.113.150,LAX,North America,Los Angeles,170 ms
104.19.84.188,SJC,North America,San Jose,170 ms
104.19.58.48,SJC,North America,San Jose,170 ms
104.19.65.222,SJC,North America,San Jose,170 ms
104.19.0.53,SJC,North America,San Jose,170 ms
104.21.233.90,LAX,North America,Los Angeles,170 ms
104.18.23.83,HKG,Asia Pacific,Hong Kong,170 ms
104.21.237.124,LAX,North America,Los Angeles,170 ms
104.18.54.161,SJC,North America,San Jose,171 ms
104.16.112.234,LAX,North America,Los Angeles,171 ms
162.159.240.90,LAX,North America,Los Angeles,171 ms
104.17.131.61,HKG,Asia Pacific,Hong Kong,171 ms
104.19.103.208,SJC,North America,San Jose,171 ms
104.22.23.216,HKG,Asia Pacific,Hong Kong,171 ms
104.17.128.229,HKG,Asia Pacific,Hong Kong,171 ms
104.18.58.201,SJC,North America,San Jose,171 ms
104.22.50.13,HKG,Asia Pacific,Hong Kong,171 ms
104.18.41.188,HKG,Asia Pacific,Hong Kong,171 ms
104.21.239.41,LAX,North America,Los Angeles,171 ms
104.19.126.175,SJC,North America,San Jose,171 ms
104.19.136.183,LAX,North America,Los Angeles,172 ms
104.21.238.169,LAX,North America,Los Angeles,172 ms
104.19.245.79,LAX,North America,Los Angeles,172 ms
104.21.227.222,LAX,North America,Los Angeles,172 ms
104.22.24.82,HKG,Asia Pacific,Hong Kong,172 ms
104.19.242.104,LAX,North America,Los Angeles,172 ms
104.22.59.220,HKG,Asia Pacific,Hong Kong,172 ms
104.22.48.55,HKG,Asia Pacific,Hong Kong,172 ms
104.18.123.162,LAX,North America,Los Angeles,172 ms
104.21.230.67,LAX,North America,Los Angeles,172 ms
104.16.215.106,HKG,Asia Pacific,Hong Kong,172 ms
162.159.247.148,LAX,North America,Los Angeles,172 ms
162.159.250.66,LAX,North America,Los Angeles,172 ms
104.21.235.157,LAX,North America,Los Angeles,172 ms
104.19.246.131,LAX,North America,Los Angeles,173 ms
162.159.252.230,LAX,North America,Los Angeles,173 ms
104.18.36.159,LAX,North America,Los Angeles,173 ms
104.19.33.39,SJC,North America,San Jose,173 ms
104.19.7.216,SJC,North America,San Jose,173 ms
104.17.132.106,HKG,Asia Pacific,Hong Kong,173 ms
104.22.49.225,HKG,Asia Pacific,Hong Kong,173 ms
104.19.113.165,SJC,North America,San Jose,173 ms
104.22.56.117,HKG,Asia Pacific,Hong Kong,173 ms
104.19.249.95,LAX,North America,Los Angeles,173 ms
162.159.243.232,LAX,North America,Los Angeles,173 ms
104.16.114.0,LAX,North America,Los Angeles,173 ms
104.19.118.181,SJC,North America,San Jose,173 ms
104.16.125.55,LAX,North America,Los Angeles,173 ms
104.19.3.77,SJC,North America,San Jose,173 ms
162.159.38.41,LAX,North America,Los Angeles,173 ms
104.19.69.143,SJC,North America,San Jose,173 ms
104.22.60.205,HKG,Asia Pacific,Hong Kong,173 ms
104.19.15.30,SJC,North America,San Jose,173 ms
104.19.135.24,LAX,North America,Los Angeles,173 ms
162.159.246.161,LAX,North America,Los Angeles,173 ms
104.18.117.243,LAX,North America,Los Angeles,173 ms
104.22.28.146,HKG,Asia Pacific,Hong Kong,173 ms
104.19.57.127,SJC,North America,San Jose,173 ms
104.22.22.138,HKG,Asia Pacific,Hong Kong,173 ms
104.21.228.179,LAX,North America,Los Angeles,173 ms
104.18.27.81,HKG,Asia Pacific,Hong Kong,174 ms
104.22.17.82,HKG,Asia Pacific,Hong Kong,174 ms
104.16.113.82,LAX,North America,Los Angeles,174 ms
162.159.248.242,LAX,North America,Los Angeles,174 ms
104.18.119.1,LAX,North America,Los Angeles,174 ms
104.22.27.40,HKG,Asia Pacific,Hong Kong,174 ms
104.18.121.48,LAX,North America,Los Angeles,174 ms
104.19.35.213,SJC,North America,San Jose,174 ms
104.18.241.175,SJC,North America,San Jose,174 ms
104.18.34.233,HKG,Asia Pacific,Hong Kong,174 ms
104.16.119.158,LAX,North America,Los Angeles,174 ms
104.18.125.217,LAX,North America,Los Angeles,174 ms
104.19.29.70,SJC,North America,San Jose,174 ms
104.19.250.107,LAX,North America,Los Angeles,174 ms
104.19.83.98,SJC,North America,San Jose,174 ms
104.16.117.151,LAX,North America,Los Angeles,174 ms
104.17.130.125,HKG,Asia Pacific,Hong Kong,174 ms
104.19.124.8,SJC,North America,San Jose,174 ms
104.18.30.249,HKG,Asia Pacific,Hong Kong,174 ms
104.22.19.243,HKG,Asia Pacific,Hong Kong,175 ms
104.19.88.211,SJC,North America,San Jose,175 ms
104.22.29.232,HKG,Asia Pacific,Hong Kong,175 ms
104.21.231.136,LAX,North America,Los Angeles,175 ms
104.19.130.13,LAX,North America,Los Angeles,175 ms
104.22.55.90,HKG,Asia Pacific,Hong Kong,175 ms
104.18.124.98,LAX,North America,Los Angeles,175 ms
104.19.50.18,SJC,North America,San Jose,175 ms
141.101.121.141,SJC,North America,San Jose,175 ms
104.22.20.63,HKG,Asia Pacific,Hong Kong,175 ms
104.19.75.8,SJC,North America,San Jose,175 ms
104.17.143.148,HKG,Asia Pacific,Hong Kong,175 ms
104.21.236.109,LAX,North America,Los Angeles,175 ms
104.19.98.38,SJC,North America,San Jose,175 ms
104.19.244.24,LAX,North America,Los Angeles,176 ms
104.17.137.225,HKG,Asia Pacific,Hong Kong,176 ms
104.19.24.192,SJC,North America,San Jose,176 ms
104.19.70.221,SJC,North America,San Jose,176 ms
104.17.129.0,HKG,Asia Pacific,Hong Kong,176 ms
162.159.244.54,LAX,North America,Los Angeles,176 ms
104.19.95.75,SJC,North America,San Jose,176 ms
104.22.21.157,HKG,Asia Pacific,Hong Kong,176 ms
104.19.90.93,SJC,North America,San Jose,176 ms
104.18.18.172,HKG,Asia Pacific,Hong Kong,176 ms
104.19.132.235,LAX,North America,Los Angeles,177 ms
104.19.127.46,SJC,North America,San Jose,177 ms
104.16.44.242,HKG,Asia Pacific,Hong Kong,177 ms
104.16.39.254,HKG,Asia Pacific,Hong Kong,177 ms
104.16.35.2,HKG,Asia Pacific,Hong Kong,177 ms
104.16.120.197,LAX,North America,Los Angeles,177 ms
104.19.255.31,LAX,North America,Los Angeles,177 ms
104.16.217.11,HKG,Asia Pacific,Hong Kong,177 ms
104.16.121.109,LAX,North America,Los Angeles,177 ms
104.18.26.130,HKG,Asia Pacific,Hong Kong,177 ms
104.19.63.114,SJC,North America,San Jose,177 ms
104.16.211.75,HKG,Asia Pacific,Hong Kong,177 ms
104.19.134.201,LAX,North America,Los Angeles,177 ms
104.19.67.56,SJC,North America,San Jose,177 ms
104.18.31.18,HKG,Asia Pacific,Hong Kong,177 ms
104.17.136.48,HKG,Asia Pacific,Hong Kong,177 ms
104.22.26.21,HKG,Asia Pacific,Hong Kong,177 ms
104.19.46.211,SJC,North America,San Jose,178 ms
104.16.43.129,HKG,Asia Pacific,Hong Kong,178 ms
104.19.139.193,LAX,North America,Los Angeles,178 ms
104.22.63.10,HKG,Asia Pacific,Hong Kong,178 ms
104.18.19.26,HKG,Asia Pacific,Hong Kong,178 ms
104.22.57.224,HKG,Asia Pacific,Hong Kong,178 ms
104.18.55.126,SJC,North America,San Jose,178 ms
104.19.129.102,LAX,North America,Los Angeles,178 ms
104.22.25.57,HKG,Asia Pacific,Hong Kong,178 ms
104.17.142.134,HKG,Asia Pacific,Hong Kong,179 ms
104.17.134.93,HKG,Asia Pacific,Hong Kong,179 ms
104.18.29.69,HKG,Asia Pacific,Hong Kong,179 ms
104.19.82.93,SJC,North America,San Jose,179 ms
104.22.58.28,HKG,Asia Pacific,Hong Kong,180 ms
104.19.251.119,LAX,North America,Los Angeles,180 ms
104.19.241.184,LAX,North America,Los Angeles,180 ms
104.16.126.202,LAX,North America,Los Angeles,180 ms
104.17.66.17,HKG,Asia Pacific,Hong Kong,180 ms
162.159.44.77,LAX,North America,Los Angeles,180 ms
104.19.143.54,LAX,North America,Los Angeles,180 ms
162.159.255.172,LAX,North America,Los Angeles,180 ms
162.159.45.23,LAX,North America,Los Angeles,181 ms
104.19.138.233,LAX,North America,Los Angeles,181 ms
104.16.42.45,HKG,Asia Pacific,Hong Kong,181 ms
104.17.138.58,HKG,Asia Pacific,Hong Kong,181 ms
104.16.214.107,HKG,Asia Pacific,Hong Kong,181 ms
104.17.72.78,HKG,Asia Pacific,Hong Kong,181 ms
104.19.140.20,LAX,North America,Los Angeles,181 ms
104.21.224.183,LAX,North America,Los Angeles,182 ms
104.18.59.13,SJC,North America,San Jose,182 ms
104.18.16.174,HKG,Asia Pacific,Hong Kong,182 ms
104.19.26.89,SJC,North America,San Jose,183 ms
104.18.53.212,SJC,North America,San Jose,183 ms
104.19.25.220,SJC,North America,San Jose,183 ms
104.16.124.39,LAX,North America,Los Angeles,183 ms
104.16.212.33,HKG,Asia Pacific,Hong Kong,184 ms
104.16.40.174,HKG,Asia Pacific,Hong Kong,184 ms
162.159.39.7,LAX,North America,Los Angeles,184 ms
104.16.115.145,LAX,North America,Los Angeles,185 ms
104.19.248.162,LAX,North America,Los Angeles,185 ms
104.19.8.64,SJC,North America,San Jose,185 ms
104.19.131.37,LAX,North America,Los Angeles,185 ms
104.16.34.172,HKG,Asia Pacific,Hong Kong,185 ms
104.16.45.239,HKG,Asia Pacific,Hong Kong,186 ms
104.19.32.105,SJC,North America,San Jose,186 ms
104.16.33.236,HKG,Asia Pacific,Hong Kong,186 ms
104.16.209.83,HKG,Asia Pacific,Hong Kong,186 ms
104.19.137.119,LAX,North America,Los Angeles,186 ms
104.18.20.39,HKG,Asia Pacific,Hong Kong,186 ms
104.16.38.108,HKG,Asia Pacific,Hong Kong,186 ms
104.16.41.134,HKG,Asia Pacific,Hong Kong,186 ms
162.159.241.170,LAX,North America,Los Angeles,186 ms
104.16.220.36,HKG,Asia Pacific,Hong Kong,186 ms
104.19.253.137,LAX,North America,Los Angeles,187 ms
104.17.77.171,HKG,Asia Pacific,Hong Kong,187 ms
104.17.64.5,HKG,Asia Pacific,Hong Kong,187 ms
104.16.122.180,LAX,North America,Los Angeles,187 ms
104.16.47.113,HKG,Asia Pacific,Hong Kong,187 ms
104.18.60.61,SJC,North America,San Jose,187 ms
104.18.21.57,HKG,Asia Pacific,Hong Kong,188 ms
104.16.32.69,HKG,Asia Pacific,Hong Kong,188 ms
104.17.135.89,HKG,Asia Pacific,Hong Kong,188 ms
104.16.210.251,HKG,Asia Pacific,Hong Kong,188 ms
104.18.33.198,HKG,Asia Pacific,Hong Kong,189 ms
104.19.20.236,SJC,North America,San Jose,189 ms
104.22.62.239,HKG,Asia Pacific,Hong Kong,189 ms
104.19.141.65,LAX,North America,Los Angeles,189 ms
104.16.213.16,HKG,Asia Pacific,Hong Kong,189 ms
104.16.46.206,HKG,Asia Pacific,Hong Kong,189 ms
104.18.25.136,HKG,Asia Pacific,Hong Kong,189 ms
104.22.18.30,HKG,Asia Pacific,Hong Kong,189 ms
104.22.61.117,HKG,Asia Pacific,Hong Kong,190 ms
104.19.45.32,SJC,North America,San Jose,190 ms
104.22.52.201,HKG,Asia Pacific,Hong Kong,191 ms
162.159.253.108,LAX,North America,Los Angeles,191 ms
104.17.133.30,HKG,Asia Pacific,Hong Kong,191 ms
162.159.242.84,LAX,North America,Los Angeles,192 ms
104.19.39.72,SJC,North America,San Jose,192 ms
104.19.43.225,SJC,North America,San Jose,193 ms
104.16.36.208,HKG,Asia Pacific,Hong Kong,193 ms
104.19.14.28,SJC,North America,San Jose,194 ms
104.22.51.74,HKG,Asia Pacific,Hong Kong,194 ms
104.18.28.26,HKG,Asia Pacific,Hong Kong,194 ms
104.17.141.133,HKG,Asia Pacific,Hong Kong,195 ms
104.17.79.221,HKG,Asia Pacific,Hong Kong,195 ms
104.19.5.183,SJC,North America,San Jose,195 ms
104.16.118.124,LAX,North America,Los Angeles,195 ms
104.16.221.16,HKG,Asia Pacific,Hong Kong,196 ms
104.21.127.94,LHR,Europe,London,198 ms
104.21.100.84,LHR,Europe,London,198 ms
104.21.26.46,LHR,Europe,London,199 ms
104.19.76.96,SJC,North America,San Jose,199 ms
104.22.53.224,HKG,Asia Pacific,Hong Kong,199 ms
104.16.219.116,HKG,Asia Pacific,Hong Kong,199 ms
104.21.221.62,LHR,Europe,London,201 ms
104.21.220.11,LHR,Europe,London,202 ms
104.21.59.44,LHR,Europe,London,202 ms
104.19.34.225,SJC,North America,San Jose,203 ms
104.21.77.51,LHR,Europe,London,204 ms
104.17.76.103,HKG,Asia Pacific,Hong Kong,204 ms
104.21.103.10,LHR,Europe,London,204 ms
104.21.84.113,LHR,Europe,London,204 ms
104.21.63.169,LHR,Europe,London,205 ms
104.16.218.52,HKG,Asia Pacific,Hong Kong,205 ms
104.21.104.126,LHR,Europe,London,205 ms
104.21.30.15,LHR,Europe,London,205 ms
104.21.90.153,LHR,Europe,London,205 ms
104.21.113.211,LHR,Europe,London,205 ms
104.21.22.134,LHR,Europe,London,206 ms
104.21.65.62,LHR,Europe,London,206 ms
104.21.222.136,LHR,Europe,London,206 ms
104.21.121.51,LHR,Europe,London,206 ms
104.21.54.248,LHR,Europe,London,207 ms
104.21.7.52,LHR,Europe,London,207 ms
104.21.74.188,LHR,Europe,London,207 ms
104.21.223.169,LHR,Europe,London,207 ms
104.19.42.94,SJC,North America,San Jose,207 ms
104.17.75.2,HKG,Asia Pacific,Hong Kong,208 ms
104.21.78.1,LHR,Europe,London,208 ms
104.21.218.153,LHR,Europe,London,208 ms
188.114.96.23,LHR,Europe,London,209 ms
104.21.194.198,LHR,Europe,London,209 ms
188.114.98.236,LHR,Europe,London,209 ms
104.21.79.243,LHR,Europe,London,209 ms
104.21.212.201,LHR,Europe,London,210 ms
104.19.123.205,SJC,North America,San Jose,211 ms
104.19.125.108,SJC,North America,San Jose,211 ms
104.21.204.52,LHR,Europe,London,212 ms
104.19.115.190,SJC,North America,San Jose,212 ms
104.21.75.247,LHR,Europe,London,212 ms
104.19.28.127,SJC,North America,San Jose,212 ms
104.21.215.89,LHR,Europe,London,212 ms
104.21.115.9,LHR,Europe,London,213 ms
104.21.217.88,LHR,Europe,London,213 ms
104.21.8.211,LHR,Europe,London,213 ms
104.21.46.174,LHR,Europe,London,213 ms
104.21.202.255,LHR,Europe,London,213 ms
104.21.58.143,LHR,Europe,London,213 ms
104.21.96.154,LHR,Europe,London,214 ms
104.21.13.107,LHR,Europe,London,214 ms
104.21.6.111,LHR,Europe,London,214 ms
104.21.197.227,LHR,Europe,London,214 ms
104.21.201.196,LHR,Europe,London,214 ms
104.21.35.188,LHR,Europe,London,214 ms
104.21.76.27,LHR,Europe,London,214 ms
104.19.1.108,SJC,North America,San Jose,214 ms
104.21.56.241,LHR,Europe,London,215 ms
188.114.99.67,LHR,Europe,London,215 ms
104.21.29.128,LHR,Europe,London,215 ms
104.21.110.250,LHR,Europe,London,215 ms
104.21.86.194,LHR,Europe,London,216 ms
104.21.199.179,LHR,Europe,London,216 ms
104.21.205.115,LHR,Europe,London,216 ms
104.21.98.121,LHR,Europe,London,216 ms
104.21.31.100,LHR,Europe,London,216 ms
104.21.11.82,LHR,Europe,London,216 ms
104.21.34.105,LHR,Europe,London,216 ms
104.21.88.111,LHR,Europe,London,216 ms
104.21.19.165,LHR,Europe,London,216 ms
104.21.3.70,LHR,Europe,London,216 ms
104.19.10.110,SJC,North America,San Jose,216 ms
104.21.15.236,LHR,Europe,London,217 ms
104.21.38.177,LHR,Europe,London,217 ms
104.21.60.142,LHR,Europe,London,217 ms
104.21.71.121,LHR,Europe,London,217 ms
104.21.4.83,LHR,Europe,London,217 ms
104.20.124.183,IAD,North America,Ashburn,217 ms
104.21.107.189,LHR,Europe,London,218 ms
104.21.52.208,LHR,Europe,London,218 ms
104.21.198.126,LHR,Europe,London,218 ms
104.21.105.108,LHR,Europe,London,218 ms
104.21.43.156,LHR,Europe,London,218 ms
104.21.68.45,LHR,Europe,London,218 ms
104.21.81.199,LHR,Europe,London,218 ms
104.21.49.45,LHR,Europe,London,218 ms
104.21.126.214,LHR,Europe,London,218 ms
104.21.51.112,LHR,Europe,London,218 ms
104.21.17.61,LHR,Europe,London,218 ms
104.27.109.177,IAD,North America,Ashburn,218 ms
104.20.163.175,IAD,North America,Ashburn,218 ms
104.21.16.119,LHR,Europe,London,219 ms
104.17.68.132,HKG,Asia Pacific,Hong Kong,219 ms
104.24.92.177,IAD,North America,Ashburn,219 ms
104.21.40.84,LHR,Europe,London,219 ms
104.21.93.80,LHR,Europe,London,219 ms
104.25.107.129,IAD,North America,Ashburn,219 ms
104.21.37.246,LHR,Europe,London,219 ms
104.21.124.177,LHR,Europe,London,219 ms
104.21.193.60,LHR,Europe,London,219 ms
104.21.41.57,LHR,Europe,London,219 ms
104.24.49.240,IAD,North America,Ashburn,219 ms
104.21.25.33,LHR,Europe,London,219 ms
104.21.101.231,LHR,Europe,London,220 ms
104.21.106.106,LHR,Europe,London,220 ms
104.27.207.86,IAD,North America,Ashburn,220 ms
104.23.98.101,IAD,North America,Ashburn,220 ms
104.21.69.161,LHR,Europe,London,220 ms
104.20.72.226,IAD,North America,Ashburn,220 ms
104.21.53.111,LHR,Europe,London,220 ms
104.20.222.51,IAD,North America,Ashburn,220 ms
104.21.55.57,LHR,Europe,London,220 ms
104.25.99.49,IAD,North America,Ashburn,221 ms
104.20.134.175,IAD,North America,Ashburn,221 ms
104.22.1.43,IAD,North America,Ashburn,221 ms
104.21.67.117,LHR,Europe,London,221 ms
104.27.29.103,IAD,North America,Ashburn,221 ms
104.21.14.74,LHR,Europe,London,221 ms
104.20.242.88,IAD,North America,Ashburn,221 ms
104.24.144.189,IAD,North America,Ashburn,221 ms
104.21.219.121,LHR,Europe,London,221 ms
104.21.28.152,LHR,Europe,London,221 ms
104.20.79.45,IAD,North America,Ashburn,221 ms
104.20.107.107,IAD,North America,Ashburn,221 ms
104.21.195.191,LHR,Europe,London,221 ms
104.25.232.254,IAD,North America,Ashburn,221 ms
104.19.16.103,SJC,North America,San Jose,221 ms
104.26.4.189,IAD,North America,Ashburn,222 ms
104.22.8.114,IAD,North America,Ashburn,222 ms
104.21.1.28,LHR,Europe,London,222 ms
104.20.153.128,IAD,North America,Ashburn,222 ms
104.21.117.195,LHR,Europe,London,222 ms
104.21.95.183,LHR,Europe,London,222 ms
104.21.12.36,LHR,Europe,London,222 ms
104.25.21.31,IAD,North America,Ashburn,222 ms
104.25.23.234,IAD,North America,Ashburn,222 ms
104.22.42.151,IAD,North America,Ashburn,222 ms
104.27.87.11,IAD,North America,Ashburn,222 ms
104.22.5.33,IAD,North America,Ashburn,222 ms
104.21.33.61,LHR,Europe,London,222 ms
104.21.114.233,LHR,Europe,London,222 ms
104.21.10.142,LHR,Europe,London,222 ms
104.25.71.87,IAD,North America,Ashburn,222 ms
104.24.190.51,IAD,North America,Ashburn,223 ms
104.24.185.119,IAD,North America,Ashburn,223 ms
104.24.71.137,IAD,North America,Ashburn,223 ms
104.21.0.66,LHR,Europe,London,223 ms
104.21.2.250,LHR,Europe,London,223 ms
104.25.44.218,IAD,North America,Ashburn,223 ms
104.25.213.28,IAD,North America,Ashburn,223 ms
104.20.133.10,IAD,North America,Ashburn,223 ms
104.21.203.96,LHR,Europe,London,223 ms
104.25.18.251,IAD,North America,Ashburn,223 ms
104.24.16.72,IAD,North America,Ashburn,223 ms
104.20.31.211,IAD,North America,Ashburn,223 ms
104.21.89.161,LHR,Europe,London,223 ms
104.27.204.102,IAD,North America,Ashburn,223 ms
104.21.70.67,LHR,Europe,London,223 ms
104.25.125.210,IAD,North America,Ashburn,223 ms
104.20.51.125,IAD,North America,Ashburn,223 ms
104.21.36.240,LHR,Europe,London,223 ms
104.21.80.60,LHR,Europe,London,223 ms
104.23.129.171,IAD,North America,Ashburn,223 ms
104.24.93.85,IAD,North America,Ashburn,223 ms
104.25.57.140,IAD,North America,Ashburn,223 ms
104.27.114.17,IAD,North America,Ashburn,223 ms
104.21.64.182,LHR,Europe,London,223 ms
104.20.103.51,IAD,North America,Ashburn,223 ms
104.21.109.131,LHR,Europe,London,223 ms
104.21.192.197,LHR,Europe,London,223 ms
104.21.116.79,LHR,Europe,London,223 ms
104.17.67.105,HKG,Asia Pacific,Hong Kong,224 ms
104.22.79.147,IAD,North America,Ashburn,224 ms
104.21.112.64,LHR,Europe,London,224 ms
104.20.39.157,IAD,North America,Ashburn,224 ms
104.20.42.104,IAD,North America,Ashburn,224 ms
104.21.118.97,LHR,Europe,London,224 ms
104.24.40.146,IAD,North America,Ashburn,224 ms
104.25.118.100,IAD,North America,Ashburn,224 ms
104.27.34.47,IAD,North America,Ashburn,224 ms
104.21.32.12,LHR,Europe,London,224 ms
104.22.34.242,IAD,North America,Ashburn,224 ms
104.25.168.83,IAD,North America,Ashburn,224 ms
104.25.14.117,IAD,North America,Ashburn,224 ms
104.27.75.94,IAD,North America,Ashburn,224 ms
104.25.19.51,IAD,North America,Ashburn,224 ms
104.24.155.211,IAD,North America,Ashburn,224 ms
104.27.19.24,IAD,North America,Ashburn,224 ms
104.24.147.243,IAD,North America,Ashburn,224 ms
104.23.141.188,IAD,North America,Ashburn,225 ms
104.20.238.145,IAD,North America,Ashburn,225 ms
104.25.40.17,IAD,North America,Ashburn,225 ms
104.25.5.59,IAD,North America,Ashburn,225 ms
104.24.238.68,IAD,North America,Ashburn,225 ms
104.21.45.68,LHR,Europe,London,225 ms
104.24.20.157,IAD,North America,Ashburn,225 ms
104.27.7.24,IAD,North America,Ashburn,225 ms
104.24.67.129,IAD,North America,Ashburn,225 ms
104.25.250.228,IAD,North America,Ashburn,225 ms
104.25.77.239,IAD,North America,Ashburn,225 ms
104.20.211.244,IAD,North America,Ashburn,225 ms
104.20.182.203,IAD,North America,Ashburn,225 ms
104.25.59.142,IAD,North America,Ashburn,225 ms
104.21.210.147,LHR,Europe,London,225 ms
104.20.69.22,IAD,North America,Ashburn,225 ms
104.24.151.164,IAD,North America,Ashburn,225 ms
104.25.145.112,IAD,North America,Ashburn,225 ms
104.23.105.104,IAD,North America,Ashburn,226 ms
104.27.15.103,IAD,North America,Ashburn,226 ms
104.27.66.78,IAD,North America,Ashburn,226 ms
104.24.143.76,IAD,North America,Ashburn,226 ms
104.21.216.173,LHR,Europe,London,226 ms
104.25.13.15,IAD,North America,Ashburn,226 ms
104.20.176.21,IAD,North America,Ashburn,226 ms
104.26.8.114,IAD,North America,Ashburn,226 ms
104.21.48.139,LHR,Europe,London,226 ms
104.23.99.19,IAD,North America,Ashburn,226 ms
104.20.74.100,IAD,North America,Ashburn,226 ms
104.20.18.211,IAD,North America,Ashburn,226 ms
104.25.242.172,IAD,North America,Ashburn,226 ms
104.25.63.183,IAD,North America,Ashburn,226 ms
104.21.211.131,LHR,Europe,London,226 ms
104.20.156.163,IAD,North America,Ashburn,226 ms
104.21.27.15,LHR,Europe,London,226 ms
104.27.122.88,IAD,North America,Ashburn,226 ms
104.24.145.175,IAD,North America,Ashburn,226 ms
104.26.14.172,IAD,North America,Ashburn,226 ms
104.27.4.21,IAD,North America,Ashburn,226 ms
104.27.6.249,IAD,North America,Ashburn,226 ms
104.27.3.75,IAD,North America,Ashburn,226 ms
104.27.5.178,IAD,North America,Ashburn,226 ms
104.25.17.30,IAD,North America,Ashburn,226 ms
104.25.117.32,IAD,North America,Ashburn,226 ms
104.20.28.127,IAD,North America,Ashburn,226 ms
104.24.242.197,IAD,North America,Ashburn,226 ms
104.25.88.160,IAD,North America,Ashburn,226 ms
104.20.20.194,IAD,North America,Ashburn,226 ms
104.24.69.117,IAD,North America,Ashburn,226 ms
104.27.79.126,IAD,North America,Ashburn,227 ms
188.114.97.64,LHR,Europe,London,227 ms
104.21.102.168,LHR,Europe,London,227 ms
104.20.82.25,IAD,North America,Ashburn,227 ms
104.20.67.37,IAD,North America,Ashburn,227 ms
104.24.141.187,IAD,North America,Ashburn,227 ms
104.25.138.245,IAD,North America,Ashburn,227 ms
104.25.49.201,IAD,North America,Ashburn,227 ms
104.20.178.139,IAD,North America,Ashburn,227 ms
104.19.19.42,SJC,North America,San Jose,227 ms
104.27.8.232,IAD,North America,Ashburn,227 ms
104.27.9.13,IAD,North America,Ashburn,227 ms
104.27.78.117,IAD,North America,Ashburn,227 ms
104.25.143.14,IAD,North America,Ashburn,227 ms
104.27.115.21,IAD,North America,Ashburn,227 ms
104.21.66.27,LHR,Europe,London,227 ms
104.21.23.74,LHR,Europe,London,227 ms
104.21.213.238,LHR,Europe,London,227 ms
104.25.16.123,IAD,North America,Ashburn,227 ms
104.20.22.187,IAD,North America,Ashburn,227 ms
104.24.187.234,IAD,North America,Ashburn,227 ms
104.27.51.114,IAD,North America,Ashburn,227 ms
104.22.3.251,IAD,North America,Ashburn,227 ms
104.21.92.208,LHR,Europe,London,227 ms
104.21.91.164,LHR,Europe,London,227 ms
104.20.60.86,IAD,North America,Ashburn,227 ms
104.20.4.133,IAD,North America,Ashburn,227 ms
104.24.70.206,IAD,North America,Ashburn,228 ms
104.24.11.30,IAD,North America,Ashburn,228 ms
104.21.208.92,LHR,Europe,London,228 ms
104.25.12.210,IAD,North America,Ashburn,228 ms
104.23.101.53,IAD,North America,Ashburn,228 ms
104.21.207.193,LHR,Europe,London,228 ms
104.20.12.74,IAD,North America,Ashburn,228 ms
104.22.66.104,IAD,North America,Ashburn,228 ms
104.24.89.249,IAD,North America,Ashburn,228 ms
104.21.5.207,LHR,Europe,London,228 ms
104.25.251.145,IAD,North America,Ashburn,228 ms
104.25.163.33,IAD,North America,Ashburn,228 ms
141.101.113.8,IAD,North America,Ashburn,228 ms
104.24.37.39,IAD,North America,Ashburn,228 ms
104.20.94.222,IAD,North America,Ashburn,228 ms
104.20.145.42,IAD,North America,Ashburn,228 ms
104.25.214.191,IAD,North America,Ashburn,228 ms
104.24.132.96,IAD,North America,Ashburn,228 ms
104.24.194.102,IAD,North America,Ashburn,228 ms
104.27.106.117,IAD,North America,Ashburn,228 ms
104.24.152.42,IAD,North America,Ashburn,228 ms
104.27.111.34,IAD,North America,Ashburn,228 ms
104.27.20.57,IAD,North America,Ashburn,228 ms
104.24.239.28,IAD,North America,Ashburn,228 ms
104.23.97.92,IAD,North America,Ashburn,228 ms
104.22.40.48,IAD,North America,Ashburn,228 ms
104.27.97.144,IAD,North America,Ashburn,228 ms
104.22.11.224,IAD,North America,Ashburn,228 ms
104.24.57.61,IAD,North America,Ashburn,228 ms
104.24.60.227,IAD,North America,Ashburn,228 ms
104.20.33.64,IAD,North America,Ashburn,228 ms
104.21.50.176,LHR,Europe,London,228 ms
104.24.1.54,IAD,North America,Ashburn,228 ms
104.25.169.201,IAD,North America,Ashburn,228 ms
104.25.43.140,IAD,North America,Ashburn,228 ms
104.20.32.93,IAD,North America,Ashburn,228 ms
104.20.137.37,IAD,North America,Ashburn,228 ms
104.24.227.74,IAD,North America,Ashburn,228 ms
104.25.60.245,IAD,North America,Ashburn,228 ms
104.25.108.202,IAD,North America,Ashburn,229 ms
104.25.35.106,IAD,North America,Ashburn,229 ms
104.24.251.255,IAD,North America,Ashburn,229 ms
104.20.90.221,IAD,North America,Ashburn,229 ms
104.25.4.87,IAD,North America,Ashburn,229 ms
104.20.217.14,IAD,North America,Ashburn,229 ms
104.21.87.237,LHR,Europe,London,229 ms
104.23.131.108,IAD,North America,Ashburn,229 ms
104.25.188.192,IAD,North America,Ashburn,229 ms
104.20.45.25,IAD,North America,Ashburn,229 ms
104.25.48.245,IAD,North America,Ashburn,229 ms
104.20.109.51,IAD,North America,Ashburn,229 ms
104.23.122.152,IAD,North America,Ashburn,229 ms
104.21.39.31,LHR,Europe,London,229 ms
104.25.73.156,IAD,North America,Ashburn,229 ms
104.27.26.29,IAD,North America,Ashburn,229 ms
104.25.113.134,IAD,North America,Ashburn,229 ms
104.20.218.136,IAD,North America,Ashburn,229 ms
104.22.39.180,IAD,North America,Ashburn,229 ms
104.20.38.42,IAD,North America,Ashburn,229 ms
104.23.111.202,IAD,North America,Ashburn,229 ms
104.23.107.195,IAD,North America,Ashburn,229 ms
104.24.88.72,IAD,North America,Ashburn,229 ms
104.27.58.254,IAD,North America,Ashburn,229 ms
104.23.125.61,IAD,North America,Ashburn,229 ms
104.24.215.225,IAD,North America,Ashburn,229 ms
104.20.87.148,IAD,North America,Ashburn,229 ms
104.20.40.64,IAD,North America,Ashburn,229 ms
104.25.83.161,IAD,North America,Ashburn,229 ms
104.27.90.162,IAD,North America,Ashburn,229 ms
104.21.108.88,LHR,Europe,London,229 ms
104.20.125.117,IAD,North America,Ashburn,229 ms
104.25.54.0,IAD,North America,Ashburn,229 ms
104.20.197.106,IAD,North America,Ashburn,229 ms
104.27.57.153,IAD,North America,Ashburn,229 ms
104.20.120.89,IAD,North America,Ashburn,229 ms
104.25.6.131,IAD,North America,Ashburn,229 ms
104.24.201.53,IAD,North America,Ashburn,229 ms
104.27.59.24,IAD,North America,Ashburn,229 ms
104.25.129.207,IAD,North America,Ashburn,229 ms
104.20.30.243,IAD,North America,Ashburn,230 ms
104.25.79.113,IAD,North America,Ashburn,230 ms
104.25.149.88,IAD,North America,Ashburn,230 ms
104.25.32.84,IAD,North America,Ashburn,230 ms
104.25.186.182,IAD,North America,Ashburn,230 ms
104.27.71.60,IAD,North America,Ashburn,230 ms
104.24.138.173,IAD,North America,Ashburn,230 ms
104.21.200.203,LHR,Europe,London,230 ms
104.24.90.34,IAD,North America,Ashburn,230 ms
104.20.160.32,IAD,North America,Ashburn,230 ms
104.25.154.44,IAD,North America,Ashburn,230 ms
104.21.62.99,LHR,Europe,London,230 ms
104.20.85.208,IAD,North America,Ashburn,230 ms
104.20.244.187,IAD,North America,Ashburn,230 ms
104.20.76.78,IAD,North America,Ashburn,230 ms
104.22.47.202,IAD,North America,Ashburn,230 ms
104.20.209.191,IAD,North America,Ashburn,230 ms
104.24.245.180,IAD,North America,Ashburn,230 ms
104.20.208.181,IAD,North America,Ashburn,230 ms
104.25.153.229,IAD,North America,Ashburn,230 ms
104.25.146.200,IAD,North America,Ashburn,230 ms
104.20.190.63,IAD,North America,Ashburn,230 ms
104.20.253.92,IAD,North America,Ashburn,230 ms
104.24.164.158,IAD,North America,Ashburn,230 ms
104.27.101.6,IAD,North America,Ashburn,230 ms
104.25.215.217,IAD,North America,Ashburn,230 ms
104.27.37.249,IAD,North America,Ashburn,230 ms
104.20.165.18,IAD,North America,Ashburn,230 ms
104.20.81.43,IAD,North America,Ashburn,230 ms
104.26.2.74,IAD,North America,Ashburn,230 ms
104.21.94.55,LHR,Europe,London,230 ms
104.25.226.96,IAD,North America,Ashburn,230 ms
104.27.193.72,IAD,North America,Ashburn,230 ms
104.24.223.70,IAD,North America,Ashburn,230 ms
104.27.202.248,IAD,North America,Ashburn,230 ms
104.27.46.34,IAD,North America,Ashburn,230 ms
104.20.226.241,IAD,North America,Ashburn,230 ms
104.20.110.244,IAD,North America,Ashburn,230 ms
104.25.51.13,IAD,North America,Ashburn,230 ms
104.20.14.223,IAD,North America,Ashburn,230 ms
104.17.73.227,HKG,Asia Pacific,Hong Kong,230 ms
104.22.76.118,IAD,North America,Ashburn,230 ms
104.20.157.140,IAD,North America,Ashburn,231 ms
104.25.165.199,IAD,North America,Ashburn,231 ms
104.27.107.239,IAD,North America,Ashburn,231 ms
104.20.92.102,IAD,North America,Ashburn,231 ms
104.24.148.76,IAD,North America,Ashburn,231 ms
104.20.55.217,IAD,North America,Ashburn,231 ms
104.24.241.44,IAD,North America,Ashburn,231 ms
104.20.34.15,IAD,North America,Ashburn,231 ms
104.25.235.123,IAD,North America,Ashburn,231 ms
104.21.47.133,LHR,Europe,London,231 ms
104.20.174.68,IAD,North America,Ashburn,231 ms
104.20.187.183,IAD,North America,Ashburn,231 ms
104.25.137.126,IAD,North America,Ashburn,231 ms
104.22.43.137,IAD,North America,Ashburn,231 ms
104.22.6.37,IAD,North America,Ashburn,231 ms
104.20.54.164,IAD,North America,Ashburn,231 ms
104.27.95.156,IAD,North America,Ashburn,231 ms
104.20.23.13,IAD,North America,Ashburn,231 ms
104.25.200.222,IAD,North America,Ashburn,231 ms
104.25.183.195,IAD,North America,Ashburn,231 ms
104.20.138.46,IAD,North America,Ashburn,231 ms
104.20.58.134,IAD,North America,Ashburn,231 ms
104.25.82.196,IAD,North America,Ashburn,231 ms
104.24.31.245,IAD,North America,Ashburn,231 ms
104.25.121.70,IAD,North America,Ashburn,231 ms
104.20.203.158,IAD,North America,Ashburn,231 ms
104.24.55.20,IAD,North America,Ashburn,231 ms
104.25.24.25,IAD,North America,Ashburn,231 ms
104.20.105.253,IAD,North America,Ashburn,231 ms
104.24.170.176,IAD,North America,Ashburn,231 ms
104.25.87.215,IAD,North America,Ashburn,231 ms
104.27.113.163,IAD,North America,Ashburn,231 ms
104.24.52.70,IAD,North America,Ashburn,231 ms
104.20.57.52,IAD,North America,Ashburn,231 ms
104.27.192.56,IAD,North America,Ashburn,231 ms
104.23.138.5,IAD,North America,Ashburn,231 ms
104.25.3.46,IAD,North America,Ashburn,231 ms
104.25.219.78,IAD,North America,Ashburn,231 ms
104.21.123.94,LHR,Europe,London,231 ms
104.20.229.224,IAD,North America,Ashburn,231 ms
104.22.78.93,IAD,North America,Ashburn,232 ms
104.22.74.32,IAD,North America,Ashburn,232 ms
104.27.124.51,IAD,North America,Ashburn,232 ms
104.20.212.167,IAD,North America,Ashburn,232 ms
104.25.199.186,IAD,North America,Ashburn,232 ms
104.22.9.68,IAD,North America,Ashburn,232 ms
104.25.209.131,IAD,North America,Ashburn,232 ms
104.27.68.100,IAD,North America,Ashburn,232 ms
104.21.21.210,LHR,Europe,London,232 ms
104.23.116.109,IAD,North America,Ashburn,232 ms
104.25.89.97,IAD,North America,Ashburn,232 ms
104.25.66.34,IAD,North America,Ashburn,232 ms
104.21.20.115,LHR,Europe,London,232 ms
104.24.253.89,IAD,North America,Ashburn,232 ms
104.27.63.151,IAD,North America,Ashburn,232 ms
104.20.142.132,IAD,North America,Ashburn,232 ms
104.20.7.212,IAD,North America,Ashburn,232 ms
104.24.179.142,IAD,North America,Ashburn,232 ms
104.20.152.225,IAD,North America,Ashburn,232 ms
104.24.228.14,IAD,North America,Ashburn,232 ms
104.27.85.119,IAD,North America,Ashburn,232 ms
104.27.88.207,IAD,North America,Ashburn,232 ms
104.22.70.18,IAD,North America,Ashburn,232 ms
104.27.80.198,IAD,North America,Ashburn,232 ms
104.25.247.240,IAD,North America,Ashburn,232 ms
104.22.32.100,IAD,North America,Ashburn,232 ms
104.27.118.80,IAD,North America,Ashburn,232 ms
104.21.119.125,LHR,Europe,London,232 ms
104.22.14.159,IAD,North America,Ashburn,232 ms
104.25.255.200,IAD,North America,Ashburn,232 ms
104.24.62.158,IAD,North America,Ashburn,232 ms
104.24.58.61,IAD,North America,Ashburn,232 ms
104.24.222.19,IAD,North America,Ashburn,232 ms
104.25.135.178,IAD,North America,Ashburn,232 ms
104.24.22.15,IAD,North America,Ashburn,232 ms
104.20.172.80,IAD,North America,Ashburn,232 ms
104.20.29.81,IAD,North America,Ashburn,232 ms
104.25.139.19,IAD,North America,Ashburn,232 ms
104.27.125.251,IAD,North America,Ashburn,232 ms
104.25.234.83,IAD,North America,Ashburn,232 ms
104.25.208.73,IAD,North America,Ashburn,232 ms
104.25.220.242,IAD,North America,Ashburn,232 ms
104.25.28.153,IAD,North America,Ashburn,232 ms
104.20.104.218,IAD,North America,Ashburn,232 ms
104.20.195.139,IAD,North America,Ashburn,232 ms
104.24.183.118,IAD,North America,Ashburn,232 ms
104.27.0.135,IAD,North America,Ashburn,232 ms
104.22.10.113,IAD,North America,Ashburn,232 ms
104.20.71.54,IAD,North America,Ashburn,232 ms
104.25.231.81,IAD,North America,Ashburn,233 ms
104.27.110.145,IAD,North America,Ashburn,233 ms
104.24.3.109,IAD,North America,Ashburn,233 ms
104.25.162.182,IAD,North America,Ashburn,233 ms
104.27.25.213,IAD,North America,Ashburn,233 ms
104.25.171.96,IAD,North America,Ashburn,233 ms
104.25.91.128,IAD,North America,Ashburn,233 ms
104.24.240.12,IAD,North America,Ashburn,233 ms
104.25.62.243,IAD,North America,Ashburn,233 ms
104.19.110.238,SJC,North America,San Jose,233 ms
104.24.255.113,IAD,North America,Ashburn,233 ms
104.25.38.236,IAD,North America,Ashburn,233 ms
104.27.127.137,IAD,North America,Ashburn,233 ms
104.27.55.90,IAD,North America,Ashburn,233 ms
104.20.252.157,IAD,North America,Ashburn,233 ms
104.21.24.46,LHR,Europe,London,233 ms
104.25.216.138,IAD,North America,Ashburn,233 ms
104.25.33.141,IAD,North America,Ashburn,233 ms
104.20.49.63,IAD,North America,Ashburn,233 ms
104.25.102.123,IAD,North America,Ashburn,233 ms
104.24.13.100,IAD,North America,Ashburn,233 ms
104.24.15.173,IAD,North America,Ashburn,233 ms
104.25.45.184,IAD,North America,Ashburn,233 ms
104.24.186.99,IAD,North America,Ashburn,233 ms
104.21.83.185,LHR,Europe,London,233 ms
104.27.54.39,IAD,North America,Ashburn,233 ms
104.20.102.188,IAD,North America,Ashburn,233 ms
104.25.180.100,IAD,North America,Ashburn,233 ms
162.159.43.201,IAD,North America,Ashburn,233 ms
104.20.24.173,IAD,North America,Ashburn,233 ms
104.27.12.210,IAD,North America,Ashburn,233 ms
104.20.50.48,IAD,North America,Ashburn,233 ms
104.24.158.199,IAD,North America,Ashburn,233 ms
104.25.156.207,IAD,North America,Ashburn,233 ms
104.25.211.212,IAD,North America,Ashburn,233 ms
104.27.119.42,IAD,North America,Ashburn,233 ms
104.21.73.39,LHR,Europe,London,233 ms
104.25.47.244,IAD,North America,Ashburn,233 ms
104.25.9.175,IAD,North America,Ashburn,233 ms
104.25.222.162,IAD,North America,Ashburn,233 ms
104.27.43.144,IAD,North America,Ashburn,233 ms
104.23.96.176,IAD,North America,Ashburn,233 ms
104.20.147.12,IAD,North America,Ashburn,233 ms
104.24.75.144,IAD,North America,Ashburn,233 ms
104.20.98.29,IAD,North America,Ashburn,233 ms
104.20.247.123,IAD,North America,Ashburn,233 ms
104.24.139.26,IAD,North America,Ashburn,233 ms
104.20.219.43,IAD,North America,Ashburn,233 ms
104.25.140.101,IAD,North America,Ashburn,233 ms
104.24.54.217,IAD,North America,Ashburn,233 ms
104.22.38.19,IAD,North America,Ashburn,233 ms
104.22.33.216,IAD,North America,Ashburn,233 ms
104.20.93.219,IAD,North America,Ashburn,234 ms
104.27.93.211,IAD,North America,Ashburn,234 ms
104.20.112.145,IAD,North America,Ashburn,234 ms
104.24.6.243,IAD,North America,Ashburn,234 ms
104.25.206.244,IAD,North America,Ashburn,234 ms
104.23.140.46,IAD,North America,Ashburn,234 ms
104.25.185.27,IAD,North America,Ashburn,234 ms
104.24.248.202,IAD,North America,Ashburn,234 ms
104.20.214.209,IAD,North America,Ashburn,234 ms
104.27.194.75,IAD,North America,Ashburn,234 ms
104.20.111.250,IAD,North America,Ashburn,234 ms
104.20.77.47,IAD,North America,Ashburn,234 ms
104.20.171.158,IAD,North America,Ashburn,234 ms
104.20.56.62,IAD,North America,Ashburn,234 ms
104.20.96.120,IAD,North America,Ashburn,234 ms
104.25.65.102,IAD,North America,Ashburn,234 ms
104.25.174.68,IAD,North America,Ashburn,234 ms
104.24.193.89,IAD,North America,Ashburn,234 ms
104.23.126.20,IAD,North America,Ashburn,234 ms
104.27.50.163,IAD,North America,Ashburn,234 ms
104.23.137.28,IAD,North America,Ashburn,234 ms
104.25.191.31,IAD,North America,Ashburn,234 ms
104.25.193.165,IAD,North America,Ashburn,234 ms
104.23.102.229,IAD,North America,Ashburn,234 ms
104.24.254.100,IAD,North America,Ashburn,234 ms
104.27.16.11,IAD,North America,Ashburn,234 ms
104.25.101.220,IAD,North America,Ashburn,234 ms
104.22.0.216,IAD,North America,Ashburn,234 ms
104.24.165.105,IAD,North America,Ashburn,234 ms
104.20.114.58,IAD,North America,Ashburn,234 ms
104.24.140.204,IAD,North America,Ashburn,234 ms
104.25.86.154,IAD,North America,Ashburn,234 ms
104.22.36.117,IAD,North America,Ashburn,234 ms
104.23.132.49,IAD,North America,Ashburn,234 ms
104.25.151.51,IAD,North America,Ashburn,234 ms
104.25.75.234,IAD,North America,Ashburn,234 ms
104.24.247.54,IAD,North America,Ashburn,234 ms
104.25.22.90,IAD,North America,Ashburn,234 ms
104.25.25.79,IAD,North America,Ashburn,234 ms
104.21.82.20,LHR,Europe,London,234 ms
104.25.243.172,IAD,North America,Ashburn,234 ms
104.20.177.14,IAD,North America,Ashburn,234 ms
104.25.190.224,IAD,North America,Ashburn,234 ms
104.25.202.59,IAD,North America,Ashburn,234 ms
104.21.42.171,LHR,Europe,London,234 ms
104.23.117.188,IAD,North America,Ashburn,234 ms
104.20.48.110,IAD,North America,Ashburn,234 ms
104.25.236.55,IAD,North America,Ashburn,234 ms
104.20.97.190,IAD,North America,Ashburn,234 ms
104.20.6.14,IAD,North America,Ashburn,234 ms
104.27.64.78,IAD,North America,Ashburn,234 ms
104.24.174.111,IAD,North America,Ashburn,235 ms
104.25.212.171,IAD,North America,Ashburn,235 ms
104.24.184.149,IAD,North America,Ashburn,235 ms
104.20.143.205,IAD,North America,Ashburn,235 ms
104.25.97.18,IAD,North America,Ashburn,235 ms
104.21.196.17,LHR,Europe,London,235 ms
104.27.102.213,IAD,North America,Ashburn,235 ms
104.25.111.47,IAD,North America,Ashburn,235 ms
104.27.24.94,IAD,North America,Ashburn,235 ms
104.20.25.101,IAD,North America,Ashburn,235 ms
104.27.49.90,IAD,North America,Ashburn,235 ms
104.20.200.6,IAD,North America,Ashburn,235 ms
104.25.20.211,IAD,North America,Ashburn,235 ms
104.23.139.172,IAD,North America,Ashburn,235 ms
104.24.229.203,IAD,North America,Ashburn,235 ms
104.24.61.10,IAD,North America,Ashburn,235 ms
104.19.112.130,SJC,North America,San Jose,235 ms
104.22.65.128,IAD,North America,Ashburn,235 ms
104.20.254.46,IAD,North America,Ashburn,235 ms
104.25.148.38,IAD,North America,Ashburn,235 ms
104.26.1.213,IAD,North America,Ashburn,235 ms
104.27.206.33,IAD,North America,Ashburn,235 ms
104.24.84.207,IAD,North America,Ashburn,235 ms
104.20.63.140,IAD,North America,Ashburn,235 ms
104.25.103.241,IAD,North America,Ashburn,235 ms
104.20.231.154,IAD,North America,Ashburn,235 ms
104.25.221.93,IAD,North America,Ashburn,235 ms
104.27.18.100,IAD,North America,Ashburn,235 ms
104.25.176.84,IAD,North America,Ashburn,235 ms
104.27.91.214,IAD,North America,Ashburn,235 ms
104.22.4.101,IAD,North America,Ashburn,235 ms
104.24.166.213,IAD,North America,Ashburn,235 ms
104.27.123.25,IAD,North America,Ashburn,235 ms
104.20.19.38,IAD,North America,Ashburn,235 ms
104.20.130.45,IAD,North America,Ashburn,235 ms
104.27.81.51,IAD,North America,Ashburn,235 ms
104.24.231.187,IAD,North America,Ashburn,235 ms
104.25.204.181,IAD,North America,Ashburn,235 ms
104.27.33.163,IAD,North America,Ashburn,235 ms
104.27.42.139,IAD,North America,Ashburn,235 ms
104.20.41.148,IAD,North America,Ashburn,235 ms
104.22.77.34,IAD,North America,Ashburn,236 ms
104.25.177.170,IAD,North America,Ashburn,236 ms
104.24.176.63,IAD,North America,Ashburn,236 ms
104.25.109.225,IAD,North America,Ashburn,236 ms
104.22.35.6,IAD,North America,Ashburn,236 ms
104.27.45.100,IAD,North America,Ashburn,236 ms
104.24.180.206,IAD,North America,Ashburn,236 ms
104.20.213.43,IAD,North America,Ashburn,236 ms
104.25.90.6,IAD,North America,Ashburn,236 ms
104.24.74.86,IAD,North America,Ashburn,236 ms
104.24.65.230,IAD,North America,Ashburn,236 ms
104.25.132.37,IAD,North America,Ashburn,236 ms
104.20.199.201,IAD,North America,Ashburn,236 ms
104.25.112.156,IAD,North America,Ashburn,236 ms
104.23.120.173,IAD,North America,Ashburn,236 ms
104.25.8.79,IAD,North America,Ashburn,236 ms
104.25.7.17,IAD,North America,Ashburn,236 ms
104.17.71.229,HKG,Asia Pacific,Hong Kong,236 ms
104.23.130.41,IAD,North America,Ashburn,236 ms
104.27.199.180,IAD,North America,Ashburn,236 ms
104.20.189.98,IAD,North America,Ashburn,236 ms
104.20.144.152,IAD,North America,Ashburn,236 ms
104.25.223.247,IAD,North America,Ashburn,236 ms
104.24.2.112,IAD,North America,Ashburn,236 ms
104.22.71.67,IAD,North America,Ashburn,236 ms
104.20.185.141,IAD,North America,Ashburn,236 ms
104.20.194.51,IAD,North America,Ashburn,236 ms
104.25.11.31,IAD,North America,Ashburn,236 ms
104.20.170.42,IAD,North America,Ashburn,236 ms
104.24.134.113,IAD,North America,Ashburn,236 ms
104.27.47.179,IAD,North America,Ashburn,236 ms
104.27.98.75,IAD,North America,Ashburn,236 ms
104.25.116.222,IAD,North America,Ashburn,236 ms
104.20.52.28,IAD,North America,Ashburn,236 ms
104.25.198.242,IAD,North America,Ashburn,236 ms
104.20.78.129,IAD,North America,Ashburn,236 ms
104.20.83.157,IAD,North America,Ashburn,236 ms
104.22.15.135,IAD,North America,Ashburn,236 ms
104.27.92.145,IAD,North America,Ashburn,236 ms
104.20.47.237,IAD,North America,Ashburn,236 ms
104.20.43.142,IAD,North America,Ashburn,236 ms
104.22.68.46,IAD,North America,Ashburn,236 ms
104.22.67.62,IAD,North America,Ashburn,236 ms
104.20.205.89,IAD,North America,Ashburn,236 ms
104.23.113.9,IAD,North America,Ashburn,236 ms
104.24.51.166,IAD,North America,Ashburn,236 ms
104.24.53.16,IAD,North America,Ashburn,236 ms
104.25.15.72,IAD,North America,Ashburn,236 ms
104.24.168.250,IAD,North America,Ashburn,236 ms
104.24.209.244,IAD,North America,Ashburn,236 ms
104.25.67.235,IAD,North America,Ashburn,236 ms
104.20.21.71,IAD,North America,Ashburn,236 ms
104.24.252.249,IAD,North America,Ashburn,236 ms
104.25.157.156,IAD,North America,Ashburn,236 ms
104.20.121.107,IAD,North America,Ashburn,236 ms
104.22.7.177,IAD,North America,Ashburn,237 ms
104.25.74.121,IAD,North America,Ashburn,237 ms
104.24.163.238,IAD,North America,Ashburn,237 ms
104.25.69.52,IAD,North America,Ashburn,237 ms
104.24.45.7,IAD,North America,Ashburn,237 ms
104.20.3.71,IAD,North America,Ashburn,237 ms
162.159.34.220,IAD,North America,Ashburn,237 ms
104.25.244.220,IAD,North America,Ashburn,237 ms
104.24.157.30,IAD,North America,Ashburn,237 ms
104.23.142.209,IAD,North America,Ashburn,237 ms
104.20.123.53,IAD,North America,Ashburn,237 ms
104.20.36.253,IAD,North America,Ashburn,237 ms
104.25.78.43,IAD,North America,Ashburn,237 ms
104.25.187.27,IAD,North America,Ashburn,237 ms
104.20.236.10,IAD,North America,Ashburn,237 ms
104.24.198.43,IAD,North America,Ashburn,237 ms
104.20.248.242,IAD,North America,Ashburn,237 ms
104.27.126.118,IAD,North America,Ashburn,237 ms
104.27.121.232,IAD,North America,Ashburn,237 ms
104.24.23.159,IAD,North America,Ashburn,237 ms
104.20.227.150,IAD,North America,Ashburn,237 ms
104.20.99.199,IAD,North America,Ashburn,237 ms
104.24.34.35,IAD,North America,Ashburn,237 ms
104.24.91.18,IAD,North America,Ashburn,237 ms
104.24.197.244,IAD,North America,Ashburn,237 ms
104.25.192.149,IAD,North America,Ashburn,237 ms
104.25.254.39,IAD,North America,Ashburn,237 ms
104.24.206.84,IAD,North America,Ashburn,237 ms
104.25.217.177,IAD,North America,Ashburn,237 ms
104.24.85.113,IAD,North America,Ashburn,237 ms
104.23.115.130,IAD,North America,Ashburn,237 ms
104.24.87.191,IAD,North America,Ashburn,237 ms
104.25.136.252,IAD,North America,Ashburn,237 ms
104.23.127.220,IAD,North America,Ashburn,237 ms
104.24.214.194,IAD,North America,Ashburn,237 ms
104.20.149.141,IAD,North America,Ashburn,237 ms
104.27.14.123,IAD,North America,Ashburn,237 ms
104.25.248.92,IAD,North America,Ashburn,237 ms
104.20.220.79,IAD,North America,Ashburn,237 ms
104.25.201.114,IAD,North America,Ashburn,237 ms
104.21.57.53,LHR,Europe,London,237 ms
104.27.69.252,IAD,North America,Ashburn,237 ms
104.20.155.39,IAD,North America,Ashburn,237 ms
104.20.100.197,IAD,North America,Ashburn,237 ms
104.20.80.125,IAD,North America,Ashburn,237 ms
104.24.4.180,IAD,North America,Ashburn,238 ms
104.20.196.57,IAD,North America,Ashburn,238 ms
104.21.9.85,LHR,Europe,London,238 ms
104.20.119.139,IAD,North America,Ashburn,238 ms
104.24.181.134,IAD,North America,Ashburn,238 ms
104.25.166.76,IAD,North America,Ashburn,238 ms
104.24.59.227,IAD,North America,Ashburn,238 ms
104.25.194.86,IAD,North America,Ashburn,238 ms
104.21.44.103,LHR,Europe,London,238 ms
104.23.114.107,IAD,North America,Ashburn,238 ms
104.21.206.196,LHR,Europe,London,238 ms
104.24.236.106,IAD,North America,Ashburn,238 ms
104.20.65.193,IAD,North America,Ashburn,238 ms
104.20.251.122,IAD,North America,Ashburn,238 ms
104.24.131.224,IAD,North America,Ashburn,238 ms
104.25.141.229,IAD,North America,Ashburn,238 ms
104.27.104.92,IAD,North America,Ashburn,238 ms
104.24.130.16,IAD,North America,Ashburn,238 ms
104.24.41.63,IAD,North America,Ashburn,238 ms
104.24.217.166,IAD,North America,Ashburn,238 ms
104.25.245.193,IAD,North America,Ashburn,238 ms
104.24.154.248,IAD,North America,Ashburn,238 ms
104.24.233.147,IAD,North America,Ashburn,238 ms
104.27.200.109,IAD,North America,Ashburn,238 ms
104.22.2.148,IAD,North America,Ashburn,238 ms
104.24.72.223,IAD,North America,Ashburn,238 ms
104.25.34.47,IAD,North America,Ashburn,238 ms
104.20.86.202,IAD,North America,Ashburn,238 ms
104.25.205.98,IAD,North America,Ashburn,238 ms
104.20.75.148,IAD,North America,Ashburn,238 ms
104.27.73.52,IAD,North America,Ashburn,238 ms
104.22.73.167,IAD,North America,Ashburn,238 ms
104.19.93.140,SJC,North America,San Jose,238 ms
104.19.108.124,SJC,North America,San Jose,238 ms
104.23.119.202,IAD,North America,Ashburn,238 ms
104.24.226.85,IAD,North America,Ashburn,238 ms
104.20.122.100,IAD,North America,Ashburn,238 ms
104.20.232.147,IAD,North America,Ashburn,238 ms
104.24.18.83,IAD,North America,Ashburn,239 ms
104.27.198.119,IAD,North America,Ashburn,239 ms
104.20.70.69,IAD,North America,Ashburn,239 ms
104.25.95.133,IAD,North America,Ashburn,239 ms
104.23.103.108,IAD,North America,Ashburn,239 ms
104.25.76.114,IAD,North America,Ashburn,239 ms
104.27.76.173,IAD,North America,Ashburn,239 ms
104.26.10.5,IAD,North America,Ashburn,239 ms
104.20.66.150,IAD,North America,Ashburn,239 ms
104.25.39.13,IAD,North America,Ashburn,239 ms
104.24.146.245,IAD,North America,Ashburn,239 ms
104.20.46.123,IAD,North America,Ashburn,239 ms
104.25.228.91,IAD,North America,Ashburn,239 ms
104.25.1.133,IAD,North America,Ashburn,239 ms
104.25.46.94,IAD,North America,Ashburn,239 ms
104.27.23.84,IAD,North America,Ashburn,239 ms
104.27.17.193,IAD,North America,Ashburn,239 ms
104.24.153.172,IAD,North America,Ashburn,239 ms
104.24.204.72,IAD,North America,Ashburn,239 ms
104.20.150.61,IAD,North America,Ashburn,239 ms
104.20.8.201,IAD,North America,Ashburn,239 ms
104.25.119.102,IAD,North America,Ashburn,239 ms
104.24.81.90,IAD,North America,Ashburn,239 ms
104.24.21.79,IAD,North America,Ashburn,239 ms
104.24.86.232,IAD,North America,Ashburn,239 ms
104.24.205.198,IAD,North America,Ashburn,239 ms
104.24.250.14,IAD,North America,Ashburn,239 ms
104.24.230.25,IAD,North America,Ashburn,239 ms
104.24.10.251,IAD,North America,Ashburn,239 ms
104.20.89.246,IAD,North America,Ashburn,239 ms
104.22.46.87,IAD,North America,Ashburn,239 ms
104.25.126.121,IAD,North America,Ashburn,239 ms
104.24.244.46,IAD,North America,Ashburn,239 ms
104.27.41.3,IAD,North America,Ashburn,239 ms
104.24.169.247,IAD,North America,Ashburn,239 ms
104.21.85.199,LHR,Europe,London,239 ms
104.24.46.137,IAD,North America,Ashburn,239 ms
104.24.63.240,IAD,North America,Ashburn,240 ms
104.20.202.113,IAD,North America,Ashburn,240 ms
104.27.61.140,IAD,North America,Ashburn,240 ms
104.22.44.129,IAD,North America,Ashburn,240 ms
104.25.85.165,IAD,North America,Ashburn,240 ms
104.19.22.253,SJC,North America,San Jose,240 ms
104.20.221.114,IAD,North America,Ashburn,240 ms
104.25.159.195,IAD,North America,Ashburn,240 ms
104.27.86.161,IAD,North America,Ashburn,240 ms
104.22.69.163,IAD,North America,Ashburn,240 ms
104.24.30.169,IAD,North America,Ashburn,240 ms
104.20.68.26,IAD,North America,Ashburn,240 ms
104.25.170.211,IAD,North America,Ashburn,240 ms
104.25.173.129,IAD,North America,Ashburn,240 ms
104.24.94.192,IAD,North America,Ashburn,240 ms
104.25.127.137,IAD,North America,Ashburn,240 ms
104.20.239.234,IAD,North America,Ashburn,240 ms
104.20.139.90,IAD,North America,Ashburn,240 ms
104.25.92.43,IAD,North America,Ashburn,240 ms
104.20.175.165,IAD,North America,Ashburn,240 ms
104.20.108.60,IAD,North America,Ashburn,240 ms
104.25.155.169,IAD,North America,Ashburn,240 ms
104.25.96.120,IAD,North America,Ashburn,240 ms
104.21.122.120,LHR,Europe,London,240 ms
104.21.214.177,LHR,Europe,London,240 ms
104.24.19.145,IAD,North America,Ashburn,240 ms
104.24.199.103,IAD,North America,Ashburn,240 ms
104.25.56.215,IAD,North America,Ashburn,240 ms
104.20.106.222,IAD,North America,Ashburn,240 ms
104.20.158.45,IAD,North America,Ashburn,240 ms
104.24.213.160,IAD,North America,Ashburn,240 ms
198.41.212.160,IAD,North America,Ashburn,240 ms
104.25.246.30,IAD,North America,Ashburn,240 ms
104.24.66.53,IAD,North America,Ashburn,240 ms
104.20.35.87,IAD,North America,Ashburn,240 ms
104.25.70.196,IAD,North America,Ashburn,240 ms
104.22.64.149,IAD,North America,Ashburn,240 ms
104.27.70.34,IAD,North America,Ashburn,240 ms
104.20.191.183,IAD,North America,Ashburn,240 ms
104.24.27.186,IAD,North America,Ashburn,241 ms
104.22.12.136,IAD,North America,Ashburn,241 ms
104.20.131.50,IAD,North America,Ashburn,241 ms
104.24.189.41,IAD,North America,Ashburn,241 ms
104.25.41.182,IAD,North America,Ashburn,241 ms
104.27.201.172,IAD,North America,Ashburn,241 ms
104.21.18.101,LHR,Europe,London,241 ms
104.27.32.7,IAD,North America,Ashburn,241 ms
104.25.114.235,IAD,North America,Ashburn,241 ms
104.27.52.71,IAD,North America,Ashburn,241 ms
104.20.62.81,IAD,North America,Ashburn,241 ms
104.27.67.49,IAD,North America,Ashburn,241 ms
104.25.10.122,IAD,North America,Ashburn,241 ms
104.24.128.163,IAD,North America,Ashburn,241 ms
104.24.225.177,IAD,North America,Ashburn,241 ms
104.24.182.126,IAD,North America,Ashburn,241 ms
104.21.72.31,LHR,Europe,London,241 ms
104.27.96.158,IAD,North America,Ashburn,241 ms
104.24.32.63,IAD,North America,Ashburn,241 ms
104.25.238.172,IAD,North America,Ashburn,241 ms
104.25.115.146,IAD,North America,Ashburn,241 ms
104.19.99.184,SJC,North America,San Jose,241 ms
104.26.3.179,IAD,North America,Ashburn,241 ms
104.20.198.64,IAD,North America,Ashburn,241 ms
104.20.115.78,IAD,North America,Ashburn,241 ms
104.26.15.174,IAD,North America,Ashburn,241 ms
104.24.160.98,IAD,North America,Ashburn,241 ms
104.23.136.143,IAD,North America,Ashburn,241 ms
104.20.184.168,IAD,North America,Ashburn,241 ms
104.21.120.16,LHR,Europe,London,241 ms
104.24.5.100,IAD,North America,Ashburn,241 ms
104.25.94.112,IAD,North America,Ashburn,241 ms
104.25.218.117,IAD,North America,Ashburn,241 ms
104.26.12.51,IAD,North America,Ashburn,241 ms
104.23.134.47,IAD,North America,Ashburn,241 ms
104.25.64.204,IAD,North America,Ashburn,241 ms
104.20.223.67,IAD,North America,Ashburn,241 ms
104.27.28.15,IAD,North America,Ashburn,242 ms
104.24.188.30,IAD,North America,Ashburn,242 ms
104.20.167.68,IAD,North America,Ashburn,242 ms
104.25.100.102,IAD,North America,Ashburn,242 ms
104.25.104.45,IAD,North America,Ashburn,242 ms
104.25.37.159,IAD,North America,Ashburn,242 ms
104.20.84.97,IAD,North America,Ashburn,242 ms
104.25.52.179,IAD,North America,Ashburn,242 ms
104.24.68.10,IAD,North America,Ashburn,242 ms
104.24.9.144,IAD,North America,Ashburn,242 ms
104.25.178.18,IAD,North America,Ashburn,242 ms
104.19.41.94,SJC,North America,San Jose,242 ms
104.25.68.31,IAD,North America,Ashburn,242 ms
104.20.5.124,IAD,North America,Ashburn,242 ms
104.22.41.247,IAD,North America,Ashburn,242 ms
104.27.112.26,IAD,North America,Ashburn,242 ms
104.25.130.38,IAD,North America,Ashburn,242 ms
104.27.197.14,IAD,North America,Ashburn,243 ms
104.23.123.63,IAD,North America,Ashburn,243 ms
104.20.117.42,IAD,North America,Ashburn,243 ms
104.24.175.57,IAD,North America,Ashburn,243 ms
104.24.64.4,IAD,North America,Ashburn,243 ms
104.25.36.189,IAD,North America,Ashburn,243 ms
104.20.10.25,IAD,North America,Ashburn,243 ms
104.24.159.102,IAD,North America,Ashburn,243 ms
104.20.166.45,IAD,North America,Ashburn,243 ms
104.26.7.230,IAD,North America,Ashburn,243 ms
104.20.126.143,IAD,North America,Ashburn,243 ms
104.24.237.6,IAD,North America,Ashburn,243 ms
104.24.82.164,IAD,North America,Ashburn,243 ms
104.24.167.55,IAD,North America,Ashburn,243 ms
104.20.173.235,IAD,North America,Ashburn,243 ms
104.22.13.46,IAD,North America,Ashburn,243 ms
104.24.221.202,IAD,North America,Ashburn,243 ms
104.23.108.147,IAD,North America,Ashburn,243 ms
104.25.98.41,IAD,North America,Ashburn,243 ms
104.20.186.228,IAD,North America,Ashburn,243 ms
104.25.164.157,IAD,North America,Ashburn,243 ms
104.24.137.69,IAD,North America,Ashburn,243 ms
104.27.84.106,IAD,North America,Ashburn,243 ms
104.20.26.233,IAD,North America,Ashburn,243 ms
104.20.237.139,IAD,North America,Ashburn,243 ms
104.20.15.127,IAD,North America,Ashburn,243 ms
104.24.172.115,IAD,North America,Ashburn,244 ms
104.20.9.7,IAD,North America,Ashburn,244 ms
104.25.239.153,IAD,North America,Ashburn,244 ms
104.27.53.96,IAD,North America,Ashburn,244 ms
104.20.53.130,IAD,North America,Ashburn,244 ms
104.24.149.245,IAD,North America,Ashburn,244 ms
104.21.125.124,LHR,Europe,London,244 ms
104.20.245.50,IAD,North America,Ashburn,244 ms
104.25.128.24,IAD,North America,Ashburn,244 ms
104.25.120.232,IAD,North America,Ashburn,244 ms
104.20.88.253,IAD,North America,Ashburn,244 ms
104.20.148.249,IAD,North America,Ashburn,244 ms
104.25.229.225,IAD,North America,Ashburn,244 ms
104.24.142.7,IAD,North America,Ashburn,244 ms
104.27.65.173,IAD,North America,Ashburn,244 ms
104.27.195.243,IAD,North America,Ashburn,244 ms
104.27.100.121,IAD,North America,Ashburn,244 ms
104.23.133.21,IAD,North America,Ashburn,244 ms
104.27.105.167,IAD,North America,Ashburn,244 ms
104.23.121.35,IAD,North America,Ashburn,244 ms
104.23.106.221,IAD,North America,Ashburn,244 ms
104.23.104.59,IAD,North America,Ashburn,244 ms
104.20.64.119,IAD,North America,Ashburn,244 ms
104.25.31.232,IAD,North America,Ashburn,244 ms
104.20.162.215,IAD,North America,Ashburn,244 ms
104.25.161.52,IAD,North America,Ashburn,244 ms
104.24.39.166,IAD,North America,Ashburn,244 ms
104.27.35.168,IAD,North America,Ashburn,244 ms
104.20.201.204,IAD,North America,Ashburn,245 ms
104.24.156.34,IAD,North America,Ashburn,245 ms
104.27.40.71,IAD,North America,Ashburn,245 ms
104.27.62.160,IAD,North America,Ashburn,245 ms
104.24.234.174,IAD,North America,Ashburn,245 ms
104.27.117.97,IAD,North America,Ashburn,245 ms
104.27.13.148,IAD,North America,Ashburn,245 ms
104.27.205.14,IAD,North America,Ashburn,245 ms
104.25.55.3,IAD,North America,Ashburn,245 ms
104.24.212.178,IAD,North America,Ashburn,245 ms
104.25.105.216,IAD,North America,Ashburn,245 ms
104.24.8.104,IAD,North America,Ashburn,245 ms
104.20.140.162,IAD,North America,Ashburn,245 ms
104.25.181.189,IAD,North America,Ashburn,245 ms
104.20.250.191,IAD,North America,Ashburn,245 ms
104.24.203.181,IAD,North America,Ashburn,245 ms
104.24.25.235,IAD,North America,Ashburn,246 ms
104.25.240.124,IAD,North America,Ashburn,246 ms
104.24.28.33,IAD,North America,Ashburn,246 ms
104.25.26.128,IAD,North America,Ashburn,246 ms
104.23.128.162,IAD,North America,Ashburn,246 ms
104.27.30.213,IAD,North America,Ashburn,246 ms
104.24.56.233,IAD,North America,Ashburn,246 ms
104.20.132.158,IAD,North America,Ashburn,246 ms
104.22.72.132,IAD,North America,Ashburn,246 ms
104.27.56.99,IAD,North America,Ashburn,246 ms
104.20.101.131,IAD,North America,Ashburn,246 ms
104.24.243.37,IAD,North America,Ashburn,246 ms
104.20.136.2,IAD,North America,Ashburn,246 ms
104.20.230.224,IAD,North America,Ashburn,246 ms
104.24.29.150,IAD,North America,Ashburn,246 ms
104.27.74.43,IAD,North America,Ashburn,246 ms
104.25.225.50,IAD,North America,Ashburn,246 ms
104.20.204.143,IAD,North America,Ashburn,246 ms
104.24.129.47,IAD,North America,Ashburn,246 ms
104.22.75.14,IAD,North America,Ashburn,246 ms
104.24.161.238,IAD,North America,Ashburn,246 ms
104.24.50.93,IAD,North America,Ashburn,246 ms
104.27.22.66,IAD,North America,Ashburn,246 ms
104.20.1.177,IAD,North America,Ashburn,247 ms
104.20.159.168,IAD,North America,Ashburn,247 ms
104.25.81.212,IAD,North America,Ashburn,247 ms
104.25.144.254,IAD,North America,Ashburn,247 ms
104.27.116.152,IAD,North America,Ashburn,247 ms
104.24.78.221,IAD,North America,Ashburn,247 ms
104.25.150.5,IAD,North America,Ashburn,247 ms
104.20.164.48,IAD,North America,Ashburn,247 ms
104.19.31.163,SJC,North America,San Jose,247 ms
104.19.27.123,SJC,North America,San Jose,247 ms
104.20.129.107,IAD,North America,Ashburn,247 ms
104.25.147.66,IAD,North America,Ashburn,247 ms
104.24.80.239,IAD,North America,Ashburn,247 ms
104.20.118.91,IAD,North America,Ashburn,247 ms
104.24.150.112,IAD,North America,Ashburn,247 ms
104.20.193.213,IAD,North America,Ashburn,247 ms
104.24.83.88,IAD,North America,Ashburn,247 ms
104.24.200.24,IAD,North America,Ashburn,247 ms
104.25.160.117,IAD,North America,Ashburn,247 ms
104.20.240.54,IAD,North America,Ashburn,247 ms
104.23.143.226,IAD,North America,Ashburn,247 ms
104.24.249.61,IAD,North America,Ashburn,247 ms
104.20.207.81,IAD,North America,Ashburn,247 ms
104.27.77.208,IAD,North America,Ashburn,247 ms
104.24.202.234,IAD,North America,Ashburn,247 ms
104.20.154.132,IAD,North America,Ashburn,247 ms
104.25.122.86,IAD,North America,Ashburn,247 ms
104.25.50.237,IAD,North America,Ashburn,248 ms
104.24.17.136,IAD,North America,Ashburn,248 ms
162.159.35.142,IAD,North America,Ashburn,248 ms
104.25.253.65,IAD,North America,Ashburn,248 ms
104.25.80.110,IAD,North America,Ashburn,248 ms
104.24.218.76,IAD,North America,Ashburn,248 ms
104.24.210.38,IAD,North America,Ashburn,248 ms
104.20.225.241,IAD,North America,Ashburn,248 ms
104.25.110.88,IAD,North America,Ashburn,248 ms
104.20.2.137,IAD,North America,Ashburn,248 ms
104.24.33.53,IAD,North America,Ashburn,248 ms
104.19.104.232,SJC,North America,San Jose,248 ms
104.24.216.81,IAD,North America,Ashburn,248 ms
104.20.59.244,IAD,North America,Ashburn,248 ms
104.20.249.170,IAD,North America,Ashburn,248 ms
104.20.128.39,IAD,North America,Ashburn,249 ms
104.24.44.105,IAD,North America,Ashburn,249 ms
104.20.234.58,IAD,North America,Ashburn,249 ms
104.27.39.228,IAD,North America,Ashburn,249 ms
104.27.31.197,IAD,North America,Ashburn,249 ms
104.24.38.228,IAD,North America,Ashburn,249 ms
104.26.13.148,IAD,North America,Ashburn,249 ms
104.27.99.145,IAD,North America,Ashburn,249 ms
104.25.58.246,IAD,North America,Ashburn,249 ms
104.20.127.173,IAD,North America,Ashburn,249 ms
104.20.255.116,IAD,North America,Ashburn,249 ms
104.25.0.136,IAD,North America,Ashburn,250 ms
104.25.184.123,IAD,North America,Ashburn,250 ms
104.24.178.236,IAD,North America,Ashburn,250 ms
104.20.95.250,IAD,North America,Ashburn,250 ms
104.24.162.117,IAD,North America,Ashburn,250 ms
104.24.171.28,IAD,North America,Ashburn,250 ms
104.25.134.29,IAD,North America,Ashburn,250 ms
104.23.110.67,IAD,North America,Ashburn,250 ms
104.24.35.70,IAD,North America,Ashburn,250 ms
104.24.48.209,IAD,North America,Ashburn,250 ms
104.25.233.86,IAD,North America,Ashburn,250 ms
104.24.73.146,IAD,North America,Ashburn,250 ms
104.27.83.2,IAD,North America,Ashburn,250 ms
104.20.91.163,IAD,North America,Ashburn,250 ms
104.20.228.250,IAD,North America,Ashburn,250 ms
104.25.72.240,IAD,North America,Ashburn,251 ms
104.20.146.197,IAD,North America,Ashburn,251 ms
104.24.220.138,IAD,North America,Ashburn,251 ms
104.24.133.128,IAD,North America,Ashburn,251 ms
104.20.224.36,IAD,North America,Ashburn,251 ms
104.20.188.132,IAD,North America,Ashburn,251 ms
162.159.42.179,IAD,North America,Ashburn,251 ms
104.20.215.26,IAD,North America,Ashburn,251 ms
104.24.36.121,IAD,North America,Ashburn,251 ms
104.27.36.130,IAD,North America,Ashburn,251 ms
104.20.216.113,IAD,North America,Ashburn,251 ms
104.25.167.53,IAD,North America,Ashburn,251 ms
104.25.106.125,IAD,North America,Ashburn,252 ms
104.25.42.11,IAD,North America,Ashburn,252 ms
104.24.196.81,IAD,North America,Ashburn,252 ms
104.19.86.157,SJC,North America,San Jose,252 ms
104.27.196.98,IAD,North America,Ashburn,252 ms
104.25.210.219,IAD,North America,Ashburn,252 ms
104.20.11.6,IAD,North America,Ashburn,252 ms
104.27.120.82,IAD,North America,Ashburn,252 ms
104.25.93.135,IAD,North America,Ashburn,252 ms
104.24.26.99,IAD,North America,Ashburn,253 ms
104.20.17.138,IAD,North America,Ashburn,253 ms
104.27.1.241,IAD,North America,Ashburn,253 ms
104.27.2.80,IAD,North America,Ashburn,253 ms
104.24.79.184,IAD,North America,Ashburn,253 ms
104.24.47.65,IAD,North America,Ashburn,253 ms
104.25.189.10,IAD,North America,Ashburn,253 ms
104.24.246.13,IAD,North America,Ashburn,253 ms
104.26.11.229,IAD,North America,Ashburn,253 ms
104.24.177.67,IAD,North America,Ashburn,253 ms
104.24.0.209,IAD,North America,Ashburn,253 ms
104.24.95.56,IAD,North America,Ashburn,253 ms
104.20.37.143,IAD,North America,Ashburn,254 ms
104.25.29.160,IAD,North America,Ashburn,254 ms
104.24.235.72,IAD,North America,Ashburn,254 ms
104.27.108.151,IAD,North America,Ashburn,254 ms
104.25.123.104,IAD,North America,Ashburn,254 ms
104.20.116.241,IAD,North America,Ashburn,254 ms
104.27.44.55,IAD,North America,Ashburn,254 ms
104.25.124.114,IAD,North America,Ashburn,254 ms
104.20.210.242,IAD,North America,Ashburn,254 ms
104.20.27.216,IAD,North America,Ashburn,254 ms
104.25.237.92,IAD,North America,Ashburn,254 ms
104.20.192.207,IAD,North America,Ashburn,254 ms
104.24.219.122,IAD,North America,Ashburn,255 ms
104.24.24.42,IAD,North America,Ashburn,255 ms
104.20.169.202,IAD,North America,Ashburn,255 ms
104.25.196.195,IAD,North America,Ashburn,255 ms
104.25.182.110,IAD,North America,Ashburn,255 ms
104.20.183.184,IAD,North America,Ashburn,255 ms
104.25.158.55,IAD,North America,Ashburn,256 ms
104.20.135.255,IAD,North America,Ashburn,256 ms
104.20.161.126,IAD,North America,Ashburn,256 ms
104.19.18.91,SJC,North America,San Jose,256 ms
104.25.249.48,IAD,North America,Ashburn,256 ms
104.25.84.114,IAD,North America,Ashburn,256 ms
104.25.195.238,IAD,North America,Ashburn,256 ms
104.25.142.94,IAD,North America,Ashburn,256 ms
104.24.12.140,IAD,North America,Ashburn,256 ms
104.20.233.106,IAD,North America,Ashburn,256 ms
104.20.246.70,IAD,North America,Ashburn,256 ms
104.24.224.163,IAD,North America,Ashburn,257 ms
104.24.192.24,IAD,North America,Ashburn,257 ms
104.24.43.49,IAD,North America,Ashburn,257 ms
104.27.103.239,IAD,North America,Ashburn,257 ms
104.27.11.87,IAD,North America,Ashburn,257 ms
104.27.72.79,IAD,North America,Ashburn,257 ms
104.25.175.136,IAD,North America,Ashburn,258 ms
104.27.21.60,IAD,North America,Ashburn,258 ms
104.23.109.203,IAD,North America,Ashburn,258 ms
104.25.27.188,IAD,North America,Ashburn,258 ms
104.25.203.246,IAD,North America,Ashburn,259 ms
104.25.179.230,IAD,North America,Ashburn,259 ms
104.24.173.64,IAD,North America,Ashburn,259 ms
104.25.53.232,IAD,North America,Ashburn,259 ms
104.24.208.8,IAD,North America,Ashburn,259 ms
104.20.181.173,IAD,North America,Ashburn,259 ms
104.25.241.98,IAD,North America,Ashburn,260 ms
104.24.211.70,IAD,North America,Ashburn,260 ms
104.20.151.41,IAD,North America,Ashburn,260 ms
104.27.27.36,IAD,North America,Ashburn,260 ms
104.24.42.184,IAD,North America,Ashburn,261 ms
104.22.37.221,IAD,North America,Ashburn,261 ms
104.20.141.50,IAD,North America,Ashburn,262 ms
104.24.195.238,IAD,North America,Ashburn,262 ms
104.17.69.90,HKG,Asia Pacific,Hong Kong,263 ms
104.23.135.73,IAD,North America,Ashburn,263 ms
104.27.10.76,IAD,North America,Ashburn,263 ms
104.25.207.112,IAD,North America,Ashburn,263 ms
104.23.100.2,IAD,North America,Ashburn,263 ms
104.26.5.203,IAD,North America,Ashburn,264 ms
104.20.16.45,IAD,North America,Ashburn,264 ms
104.17.2.250,SJC,North America,San Jose,264 ms
104.25.2.53,IAD,North America,Ashburn,265 ms
104.19.116.79,SJC,North America,San Jose,265 ms
104.20.13.137,IAD,North America,Ashburn,265 ms
104.17.70.201,HKG,Asia Pacific,Hong Kong,266 ms
104.19.64.194,SJC,North America,San Jose,266 ms
104.19.122.81,SJC,North America,San Jose,266 ms
104.26.0.213,IAD,North America,Ashburn,266 ms
104.19.9.234,SJC,North America,San Jose,267 ms
104.24.207.72,IAD,North America,Ashburn,267 ms
104.25.227.88,IAD,North America,Ashburn,267 ms
104.20.235.191,IAD,North America,Ashburn,267 ms
104.26.6.190,IAD,North America,Ashburn,268 ms
104.19.11.116,SJC,North America,San Jose,268 ms
104.27.82.236,IAD,North America,Ashburn,268 ms
104.24.232.139,IAD,North America,Ashburn,268 ms
104.20.243.200,IAD,North America,Ashburn,268 ms
104.25.133.24,IAD,North America,Ashburn,269 ms
104.16.216.68,HKG,Asia Pacific,Hong Kong,269 ms
104.20.113.89,IAD,North America,Ashburn,270 ms
104.19.62.48,SJC,North America,San Jose,271 ms
104.19.48.101,SJC,North America,San Jose,272 ms
104.19.85.191,SJC,North America,San Jose,273 ms
104.24.191.64,IAD,North America,Ashburn,273 ms
104.25.252.36,IAD,North America,Ashburn,273 ms
104.19.12.223,SJC,North America,San Jose,273 ms
104.19.73.166,SJC,North America,San Jose,274 ms
162.159.160.144,CDG,Europe,Paris,274 ms
104.19.59.49,SJC,North America,San Jose,274 ms
104.19.109.125,SJC,North America,San Jose,275 ms
104.19.36.151,SJC,North America,San Jose,277 ms
104.19.120.24,SJC,North America,San Jose,281 ms
104.19.111.97,SJC,North America,San Jose,281 ms
104.19.91.24,SJC,North America,San Jose,287 ms
104.19.60.91,SJC,North America,San Jose,287 ms
104.19.97.31,SJC,North America,San Jose,289 ms
104.19.56.124,SJC,North America,San Jose,291 ms
104.19.87.175,SJC,North America,San Jose,294 ms
104.18.250.190,SJC,North America,San Jose,302 ms
104.17.27.5,SJC,North America,San Jose,309 ms
141.101.114.202,SJC,North America,San Jose,311 ms
104.19.80.153,SJC,North America,San Jose,312 ms
198.41.215.145,SJC,North America,San Jose,313 ms
104.16.31.227,SJC,North America,San Jose,314 ms
104.18.148.211,SJC,North America,San Jose,319 ms
104.17.34.216,SJC,North America,San Jose,323 ms
104.18.209.183,SJC,North America,San Jose,323 ms
104.16.53.150,SJC,North America,San Jose,324 ms
104.18.32.191,SJC,North America,San Jose,329 ms
104.18.65.234,SJC,North America,San Jose,334 ms
104.18.37.224,SJC,North America,San Jose,334 ms
104.19.216.169,SJC,North America,San Jose,337 ms
198.41.198.41,SJC,North America,San Jose,338 ms
198.41.196.27,SJC,North America,San Jose,346 ms
198.41.199.23,SJC,North America,San Jose,348 ms
104.18.199.105,SJC,North America,San Jose,351 ms
104.18.236.113,SJC,North America,San Jose,353 ms
104.17.11.101,SJC,North America,San Jose,355 ms
104.18.43.74,SJC,North America,San Jose,356 ms
104.18.95.48,SJC,North America,San Jose,357 ms
162.159.25.63,SJC,North America,San Jose,359 ms
104.18.46.42,SJC,North America,San Jose,359 ms
104.16.151.157,SJC,North America,San Jose,360 ms
104.16.91.58,SJC,North America,San Jose,362 ms
104.16.136.212,SJC,North America,San Jose,363 ms
104.16.18.117,SJC,North America,San Jose,370 ms
162.159.239.119,SJC,North America,San Jose,371 ms
104.18.96.38,SJC,North America,San Jose,374 ms
104.18.226.207,SJC,North America,San Jose,375 ms
104.17.228.19,SJC,North America,San Jose,377 ms
162.159.6.43,SJC,North America,San Jose,377 ms
104.17.53.106,SJC,North America,San Jose,386 ms
104.17.243.59,SJC,North America,San Jose,389 ms
104.16.184.22,SJC,North America,San Jose,390 ms
104.16.69.63,SJC,North America,San Jose,390 ms
104.16.183.155,SJC,North America,San Jose,395 ms
104.18.193.140,SJC,North America,San Jose,396 ms
104.17.217.245,SJC,North America,San Jose,396 ms
104.16.175.190,SJC,North America,San Jose,396 ms
104.17.233.227,SJC,North America,San Jose,399 ms
104.17.54.136,SJC,North America,San Jose,400 ms
104.16.167.93,SJC,North America,San Jose,404 ms
162.159.18.56,SJC,North America,San Jose,414 ms
66.235.200.175,SJC,North America,San Jose,421 ms
162.159.36.243,SJC,North America,San Jose,421 ms
104.18.217.83,SJC,North America,San Jose,424 ms
104.18.233.69,SJC,North America,San Jose,426 ms
104.17.220.149,SJC,North America,San Jose,427 ms
104.17.81.118,SJC,North America,San Jose,427 ms
104.17.213.70,SJC,North America,San Jose,438 ms
104.16.50.165,SJC,North America,San Jose,441 ms
104.16.68.181,SJC,North America,San Jose,442 ms
104.18.168.177,SJC,North America,San Jose,442 ms
108.162.194.2,SJC,North America,San Jose,443 ms
104.17.87.119,SJC,North America,San Jose,445 ms
104.18.188.246,SJC,North America,San Jose,449 ms
104.19.211.207,SJC,North America,San Jose,449 ms
104.19.149.74,SJC,North America,San Jose,450 ms
104.17.89.72,SJC,North America,San Jose,451 ms
104.19.206.244,SJC,North America,San Jose,453 ms
162.159.8.219,SJC,North America,San Jose,456 ms
104.19.156.57,SJC,North America,San Jose,457 ms
104.18.208.145,SJC,North America,San Jose,458 ms
104.18.86.10,SJC,North America,San Jose,458 ms
104.18.136.171,SJC,North America,San Jose,461 ms
141.101.115.207,SJC,North America,San Jose,463 ms
104.16.3.5,SJC,North America,San Jose,463 ms
104.16.80.169,SJC,North America,San Jose,463 ms
104.17.14.23,SJC,North America,San Jose,464 ms
103.21.244.102,SJC,North America,San Jose,464 ms
104.19.182.73,SJC,North America,San Jose,467 ms
104.16.135.61,SJC,North America,San Jose,468 ms
162.159.137.191,SJC,North America,San Jose,470 ms
104.18.40.74,SJC,North America,San Jose,471 ms
104.17.175.163,SJC,North America,San Jose,471 ms
162.159.58.138,SJC,North America,San Jose,476 ms
104.18.232.213,SJC,North America,San Jose,476 ms
104.19.153.169,SJC,North America,San Jose,479 ms
162.159.128.198,SJC,North America,San Jose,480 ms
162.159.138.150,SJC,North America,San Jose,482 ms
104.16.97.225,SJC,North America,San Jose,482 ms
104.17.177.37,SJC,North America,San Jose,483 ms
104.17.158.23,SJC,North America,San Jose,484 ms
104.16.66.207,SJC,North America,San Jose,490 ms
162.159.24.100,SJC,North America,San Jose,490 ms
104.18.144.220,SJC,North America,San Jose,492 ms
162.159.4.251,SJC,North America,San Jose,493 ms
162.159.11.63,SJC,North America,San Jose,494 ms
104.17.252.65,SJC,North America,San Jose,495 ms
104.18.245.75,SJC,North America,San Jose,498 ms
104.18.7.253,SJC,North America,San Jose,501 ms
104.16.203.213,SJC,North America,San Jose,502 ms
162.159.33.49,SJC,North America,San Jose,504 ms
104.17.195.201,SJC,North America,San Jose,505 ms
104.17.101.236,SJC,North America,San Jose,506 ms
104.17.223.49,SJC,North America,San Jose,506 ms
104.19.169.246,SJC,North America,San Jose,506 ms
104.17.182.68,SJC,North America,San Jose,507 ms
104.16.71.122,SJC,North America,San Jose,509 ms
104.17.151.211,SJC,North America,San Jose,510 ms
104.17.48.30,SJC,North America,San Jose,510 ms
104.17.144.194,SJC,North America,San Jose,512 ms
104.16.191.29,SJC,North America,San Jose,512 ms
162.159.20.94,SJC,North America,San Jose,514 ms
104.19.175.67,SJC,North America,San Jose,515 ms
104.18.254.1,SJC,North America,San Jose,516 ms
104.16.57.79,SJC,North America,San Jose,516 ms
104.16.95.68,SJC,North America,San Jose,518 ms
104.18.75.128,SJC,North America,San Jose,520 ms
104.19.192.247,SJC,North America,San Jose,520 ms
104.17.0.153,SJC,North America,San Jose,520 ms
104.18.104.127,SJC,North America,San Jose,521 ms
104.18.155.117,SJC,North America,San Jose,526 ms
104.18.244.35,SJC,North America,San Jose,526 ms
104.17.19.7,SJC,North America,San Jose,526 ms
104.18.13.35,SJC,North America,San Jose,528 ms
104.18.179.180,SJC,North America,San Jose,530 ms
104.19.147.172,SJC,North America,San Jose,530 ms
104.17.22.194,SJC,North America,San Jose,531 ms
162.159.27.116,SJC,North America,San Jose,532 ms
104.18.47.23,SJC,North America,San Jose,533 ms
104.16.225.171,SJC,North America,San Jose,536 ms
104.17.231.57,SJC,North America,San Jose,536 ms
162.159.61.229,SJC,North America,San Jose,538 ms
104.18.181.44,SJC,North America,San Jose,540 ms
104.18.229.175,SJC,North America,San Jose,544 ms
23.227.38.174,SJC,North America,San Jose,546 ms
104.18.223.73,SJC,North America,San Jose,546 ms
104.17.116.190,SJC,North America,San Jose,546 ms
104.16.0.231,SJC,North America,San Jose,549 ms
108.162.193.142,SJC,North America,San Jose,549 ms
190.93.247.8,SJC,North America,San Jose,551 ms
104.18.218.245,SJC,North America,San Jose,553 ms
104.17.183.3,SJC,North America,San Jose,554 ms
104.18.109.207,SJC,North America,San Jose,554 ms
104.17.221.117,SJC,North America,San Jose,554 ms
104.16.236.63,SJC,North America,San Jose,555 ms
104.18.128.78,SJC,North America,San Jose,555 ms
162.159.1.0,SJC,North America,San Jose,555 ms
104.17.212.156,SJC,North America,San Jose,558 ms
104.17.109.52,SJC,North America,San Jose,558 ms
104.17.111.98,SJC,North America,San Jose,560 ms
104.16.6.35,SJC,North America,San Jose,560 ms
104.18.143.96,SJC,North America,San Jose,560 ms
104.19.173.14,SJC,North America,San Jose,561 ms
104.16.73.221,SJC,North America,San Jose,563 ms
185.146.173.114,SJC,North America,San Jose,564 ms
104.16.201.156,SJC,North America,San Jose,566 ms
162.159.19.236,SJC,North America,San Jose,568 ms
104.18.185.90,SJC,North America,San Jose,568 ms
190.93.245.76,SJC,North America,San Jose,570 ms
104.18.253.60,SJC,North America,San Jose,572 ms
104.18.216.15,SJC,North America,San Jose,574 ms
104.18.0.132,SJC,North America,San Jose,575 ms
104.16.239.148,SJC,North America,San Jose,578 ms
104.17.49.52,SJC,North America,San Jose,579 ms
104.16.22.127,SJC,North America,San Jose,579 ms
104.18.222.238,SJC,North America,San Jose,579 ms
104.16.196.41,SJC,North America,San Jose,579 ms
104.18.72.119,SJC,North America,San Jose,579 ms
104.16.24.77,SJC,North America,San Jose,579 ms
104.16.160.51,SJC,North America,San Jose,580 ms
104.18.159.227,SJC,North America,San Jose,581 ms
162.159.140.238,SJC,North America,San Jose,581 ms
104.18.214.114,SJC,North America,San Jose,582 ms
104.17.83.125,SJC,North America,San Jose,584 ms
104.18.3.61,SJC,North America,San Jose,584 ms
104.18.94.66,SJC,North America,San Jose,584 ms
104.18.178.64,SJC,North America,San Jose,585 ms
104.16.144.8,SJC,North America,San Jose,586 ms
104.17.60.8,SJC,North America,San Jose,587 ms
104.16.152.45,SJC,North America,San Jose,587 ms
104.18.64.123,SJC,North America,San Jose,587 ms
104.18.133.43,SJC,North America,San Jose,587 ms
104.17.218.67,SJC,North America,San Jose,589 ms
104.16.246.95,SJC,North America,San Jose,589 ms
162.159.32.25,SJC,North America,San Jose,590 ms
104.16.98.15,SJC,North America,San Jose,591 ms
104.16.248.37,SJC,North America,San Jose,591 ms
104.17.58.254,SJC,North America,San Jose,592 ms
162.159.41.150,SJC,North America,San Jose,593 ms
104.16.111.185,SJC,North America,San Jose,594 ms
104.16.100.138,SJC,North America,San Jose,595 ms
104.17.202.211,SJC,North America,San Jose,595 ms
104.16.166.50,SJC,North America,San Jose,596 ms
198.41.197.5,SJC,North America,San Jose,597 ms
104.16.164.228,SJC,North America,San Jose,598 ms
104.16.104.37,SJC,North America,San Jose,598 ms
104.19.213.13,SJC,North America,San Jose,598 ms
104.19.225.15,SJC,North America,San Jose,598 ms
104.17.225.225,SJC,North America,San Jose,600 ms
104.16.162.111,SJC,North America,San Jose,600 ms
104.18.82.63,SJC,North America,San Jose,600 ms
104.18.213.120,SJC,North America,San Jose,601 ms
198.41.208.92,SJC,North America,San Jose,601 ms
104.17.250.50,SJC,North America,San Jose,603 ms
104.17.102.179,SJC,North America,San Jose,603 ms
104.17.82.81,SJC,North America,San Jose,603 ms
162.159.13.116,SJC,North America,San Jose,604 ms
104.17.145.229,SJC,North America,San Jose,606 ms
104.16.231.9,SJC,North America,San Jose,606 ms
104.16.28.248,SJC,North America,San Jose,606 ms
104.18.45.213,SJC,North America,San Jose,607 ms
104.16.72.21,SJC,North America,San Jose,607 ms
104.16.154.77,SJC,North America,San Jose,607 ms
104.18.219.250,SJC,North America,San Jose,608 ms
104.16.76.165,SJC,North America,San Jose,610 ms
104.16.64.93,SJC,North America,San Jose,610 ms
104.16.70.33,SJC,North America,San Jose,611 ms
104.16.56.41,SJC,North America,San Jose,611 ms
104.17.125.234,SJC,North America,San Jose,612 ms
104.19.178.15,SJC,North America,San Jose,612 ms
104.16.186.70,SJC,North America,San Jose,613 ms
104.16.198.8,SJC,North America,San Jose,613 ms
104.16.83.171,SJC,North America,San Jose,615 ms
104.18.187.38,SJC,North America,San Jose,615 ms
104.16.189.239,SJC,North America,San Jose,615 ms
104.16.79.26,SJC,North America,San Jose,615 ms
104.16.65.75,SJC,North America,San Jose,618 ms
104.18.81.180,SJC,North America,San Jose,619 ms
104.16.15.84,SJC,North America,San Jose,619 ms
104.18.161.145,SJC,North America,San Jose,620 ms
104.17.203.140,SJC,North America,San Jose,620 ms
104.16.55.133,SJC,North America,San Jose,621 ms
162.159.0.37,SJC,North America,San Jose,621 ms
104.17.42.199,SJC,North America,San Jose,622 ms
104.18.78.178,SJC,North America,San Jose,622 ms
104.17.57.137,SJC,North America,San Jose,623 ms
104.17.15.49,SJC,North America,San Jose,624 ms
198.41.204.62,SJC,North America,San Jose,624 ms
104.16.13.174,SJC,North America,San Jose,624 ms
162.159.5.83,SJC,North America,San Jose,625 ms
104.16.194.121,SJC,North America,San Jose,626 ms
104.18.205.143,SJC,North America,San Jose,627 ms
104.16.205.228,SJC,North America,San Jose,627 ms
162.159.135.4,SJC,North America,San Jose,629 ms
104.17.204.52,SJC,North America,San Jose,629 ms
104.19.231.162,SJC,North America,San Jose,629 ms
104.17.167.194,SJC,North America,San Jose,629 ms
104.17.148.177,SJC,North America,San Jose,630 ms
104.17.6.242,SJC,North America,San Jose,631 ms
104.19.191.31,SJC,North America,San Jose,631 ms
104.17.147.159,SJC,North America,San Jose,631 ms
104.19.152.92,SJC,North America,San Jose,632 ms
104.17.191.63,SJC,North America,San Jose,633 ms
104.17.107.110,SJC,North America,San Jose,633 ms
104.17.149.60,SJC,North America,San Jose,634 ms
104.17.178.84,SJC,North America,San Jose,634 ms
198.41.207.190,SJC,North America,San Jose,635 ms
104.17.253.94,SJC,North America,San Jose,636 ms
104.19.145.165,SJC,North America,San Jose,637 ms
104.18.2.37,SJC,North America,San Jose,637 ms
104.19.171.199,SJC,North America,San Jose,637 ms
198.41.205.52,SJC,North America,San Jose,637 ms
104.16.27.188,SJC,North America,San Jose,641 ms
104.17.59.150,SJC,North America,San Jose,641 ms
104.19.180.249,SJC,North America,San Jose,642 ms
104.18.76.65,SJC,North America,San Jose,642 ms
104.17.44.225,SJC,North America,San Jose,644 ms
104.16.227.173,SJC,North America,San Jose,646 ms
104.19.172.32,SJC,North America,San Jose,646 ms
104.16.142.145,SJC,North America,San Jose,647 ms
104.18.176.175,SJC,North America,San Jose,647 ms
104.17.173.241,SJC,North America,San Jose,647 ms
104.17.166.89,SJC,North America,San Jose,648 ms
104.17.188.106,SJC,North America,San Jose,648 ms
104.18.11.144,SJC,North America,San Jose,649 ms
104.18.100.123,SJC,North America,San Jose,649 ms
198.41.220.7,SJC,North America,San Jose,649 ms
104.16.229.204,SJC,North America,San Jose,650 ms
104.16.234.70,SJC,North America,San Jose,651 ms
104.17.9.186,SJC,North America,San Jose,652 ms
104.17.119.36,SJC,North America,San Jose,652 ms
104.19.162.245,SJC,North America,San Jose,653 ms
104.17.105.35,SJC,North America,San Jose,654 ms
104.17.154.138,SJC,North America,San Jose,654 ms
104.18.165.210,SJC,North America,San Jose,655 ms
104.17.20.67,SJC,North America,San Jose,656 ms
104.18.97.139,SJC,North America,San Jose,657 ms
104.18.212.96,SJC,North America,San Jose,658 ms
104.19.212.224,SJC,North America,San Jose,658 ms
104.16.130.28,SJC,North America,San Jose,660 ms
104.19.238.148,SJC,North America,San Jose,660 ms
104.17.122.241,SJC,North America,San Jose,661 ms
104.17.61.84,SJC,North America,San Jose,664 ms
104.16.204.94,SJC,North America,San Jose,664 ms
162.159.10.145,SJC,North America,San Jose,664 ms
104.18.198.51,SJC,North America,San Jose,666 ms
104.17.46.223,SJC,North America,San Jose,666 ms
104.18.14.104,SJC,North America,San Jose,667 ms
104.18.70.137,SJC,North America,San Jose,669 ms
162.159.134.11,SJC,North America,San Jose,670 ms
104.18.92.101,SJC,North America,San Jose,670 ms
104.18.197.202,SJC,North America,San Jose,670 ms
104.17.162.15,SJC,North America,San Jose,670 ms
104.17.157.228,SJC,North America,San Jose,671 ms
104.17.98.200,SJC,North America,San Jose,675 ms
198.41.216.47,SJC,North America,San Jose,676 ms
104.16.158.216,SJC,North America,San Jose,677 ms
104.18.237.39,SJC,North America,San Jose,677 ms
198.41.194.32,SJC,North America,San Jose,678 ms
104.17.163.217,SJC,North America,San Jose,679 ms
162.159.48.58,SJC,North America,San Jose,680 ms
104.17.28.105,SJC,North America,San Jose,680 ms
104.16.1.72,SJC,North America,San Jose,680 ms
162.159.2.233,SJC,North America,San Jose,681 ms
104.17.91.137,SJC,North America,San Jose,681 ms
104.17.164.248,SJC,North America,San Jose,681 ms
104.18.228.69,SJC,North America,San Jose,682 ms
104.16.165.199,SJC,North America,San Jose,682 ms
104.18.200.100,SJC,North America,San Jose,682 ms
104.16.185.195,SJC,North America,San Jose,685 ms
104.18.248.168,SJC,North America,San Jose,687 ms
104.17.39.214,SJC,North America,San Jose,687 ms
162.159.22.216,SJC,North America,San Jose,689 ms
104.16.128.176,SJC,North America,San Jose,689 ms
162.159.142.6,SJC,North America,San Jose,691 ms
162.159.21.108,SJC,North America,San Jose,692 ms
104.17.62.128,SJC,North America,San Jose,692 ms
104.18.93.189,SJC,North America,San Jose,693 ms
104.17.17.81,SJC,North America,San Jose,695 ms
104.17.21.79,SJC,North America,San Jose,696 ms
104.18.110.191,SJC,North America,San Jose,697 ms
104.17.25.207,SJC,North America,San Jose,697 ms
104.16.134.19,SJC,North America,San Jose,697 ms
104.17.92.13,SJC,North America,San Jose,699 ms
104.16.171.219,SJC,North America,San Jose,699 ms
104.19.155.201,SJC,North America,San Jose,700 ms
162.159.129.133,SJC,North America,San Jose,700 ms
104.17.112.161,SJC,North America,San Jose,701 ms
104.19.164.163,SJC,North America,San Jose,701 ms
104.17.88.3,SJC,North America,San Jose,702 ms
104.18.202.139,SJC,North America,San Jose,702 ms
104.16.59.126,SJC,North America,San Jose,704 ms
104.18.107.83,SJC,North America,San Jose,704 ms
104.16.103.190,SJC,North America,San Jose,704 ms
104.16.101.130,SJC,North America,San Jose,704 ms
104.16.156.148,SJC,North America,San Jose,704 ms
104.17.103.62,SJC,North America,San Jose,705 ms
104.18.172.231,SJC,North America,San Jose,710 ms
104.17.1.27,SJC,North America,San Jose,711 ms
104.16.240.54,SJC,North America,San Jose,711 ms
104.17.7.189,SJC,North America,San Jose,711 ms
104.18.131.30,SJC,North America,San Jose,713 ms
104.16.150.56,SJC,North America,San Jose,713 ms
104.17.115.71,SJC,North America,San Jose,714 ms
104.16.96.59,SJC,North America,San Jose,714 ms
104.19.170.82,SJC,North America,San Jose,714 ms
162.159.152.41,SJC,North America,San Jose,717 ms
104.19.190.195,SJC,North America,San Jose,717 ms
104.17.172.71,SJC,North America,San Jose,718 ms
104.16.78.32,SJC,North America,San Jose,718 ms
104.16.241.173,SJC,North America,San Jose,720 ms
104.18.150.164,SJC,North America,San Jose,722 ms
162.251.82.61,SJC,North America,San Jose,722 ms
162.159.7.151,SJC,North America,San Jose,722 ms
104.16.250.214,SJC,North America,San Jose,723 ms
104.17.229.15,SJC,North America,San Jose,723 ms
104.17.126.126,SJC,North America,San Jose,723 ms
198.41.218.57,SJC,North America,San Jose,724 ms
198.41.221.122,SJC,North America,San Jose,725 ms
104.16.168.52,SJC,North America,San Jose,726 ms
104.17.170.95,SJC,North America,San Jose,726 ms
104.19.174.144,SJC,North America,San Jose,727 ms
104.17.241.10,SJC,North America,San Jose,727 ms
162.159.60.221,SJC,North America,San Jose,728 ms
104.19.236.127,SJC,North America,San Jose,728 ms
104.19.227.58,SJC,North America,San Jose,728 ms
104.16.2.36,SJC,North America,San Jose,729 ms
104.17.187.255,SJC,North America,San Jose,730 ms
104.18.153.79,SJC,North America,San Jose,732 ms
104.17.198.163,SJC,North America,San Jose,734 ms
104.19.154.93,SJC,North America,San Jose,734 ms
104.18.5.98,SJC,North America,San Jose,734 ms
104.18.243.83,SJC,North America,San Jose,735 ms
104.17.247.58,SJC,North America,San Jose,735 ms
23.227.39.209,SJC,North America,San Jose,735 ms
104.17.123.68,SJC,North America,San Jose,736 ms
104.18.91.238,SJC,North America,San Jose,736 ms
162.159.130.174,SJC,North America,San Jose,740 ms
104.19.186.102,SJC,North America,San Jose,742 ms
104.18.182.77,SJC,North America,San Jose,742 ms
162.159.133.5,SJC,North America,San Jose,742 ms
104.19.207.214,SJC,North America,San Jose,742 ms
104.16.10.72,SJC,North America,San Jose,746 ms
104.19.214.239,SJC,North America,San Jose,746 ms
104.17.216.185,SJC,North America,San Jose,747 ms
104.16.170.51,SJC,North America,San Jose,747 ms
104.17.251.54,SJC,North America,San Jose,747 ms
104.18.146.89,SJC,North America,San Jose,748 ms
104.17.8.198,SJC,North America,San Jose,749 ms
104.16.129.248,SJC,North America,San Jose,750 ms
104.17.254.123,SJC,North America,San Jose,750 ms
104.17.96.32,SJC,North America,San Jose,750 ms
104.18.134.255,SJC,North America,San Jose,750 ms
104.16.26.60,SJC,North America,San Jose,752 ms
104.17.189.11,SJC,North America,San Jose,752 ms
104.16.145.112,SJC,North America,San Jose,753 ms
104.17.146.139,SJC,North America,San Jose,753 ms
104.18.8.149,SJC,North America,San Jose,754 ms
104.17.86.26,SJC,North America,San Jose,755 ms
104.17.237.29,SJC,North America,San Jose,755 ms
104.18.68.96,SJC,North America,San Jose,755 ms
104.17.35.119,SJC,North America,San Jose,755 ms
104.16.8.46,SJC,North America,San Jose,756 ms
104.19.239.177,SJC,North America,San Jose,756 ms
104.17.90.108,SJC,North America,San Jose,758 ms
104.16.90.51,SJC,North America,San Jose,758 ms
104.16.247.26,SJC,North America,San Jose,758 ms
104.18.38.186,SJC,North America,San Jose,759 ms
104.16.102.124,SJC,North America,San Jose,760 ms
104.17.165.50,SJC,North America,San Jose,760 ms
198.41.202.43,SJC,North America,San Jose,762 ms
104.18.9.42,SJC,North America,San Jose,763 ms
104.18.191.133,SJC,North America,San Jose,764 ms
104.19.202.201,SJC,North America,San Jose,764 ms
104.19.204.91,SJC,North America,San Jose,766 ms
104.17.236.99,SJC,North America,San Jose,766 ms
104.19.215.205,SJC,North America,San Jose,767 ms
104.16.84.164,SJC,North America,San Jose,768 ms
104.17.120.153,SJC,North America,San Jose,769 ms
104.16.14.194,SJC,North America,San Jose,770 ms
104.17.12.78,SJC,North America,San Jose,770 ms
104.18.98.123,SJC,North America,San Jose,773 ms
104.19.208.186,SJC,North America,San Jose,773 ms
104.18.151.135,SJC,North America,San Jose,774 ms
104.18.108.56,SJC,North America,San Jose,774 ms
104.18.174.254,SJC,North America,San Jose,775 ms
104.18.85.35,SJC,North America,San Jose,777 ms
104.17.161.148,SJC,North America,San Jose,778 ms
104.16.58.31,SJC,North America,San Jose,778 ms
104.18.163.65,SJC,North America,San Jose,779 ms
104.18.156.197,SJC,North America,San Jose,779 ms
104.19.181.248,SJC,North America,San Jose,779 ms
104.17.51.1,SJC,North America,San Jose,781 ms
104.16.4.174,SJC,North America,San Jose,781 ms
104.18.138.193,SJC,North America,San Jose,782 ms
104.18.160.224,SJC,North America,San Jose,783 ms
104.17.85.184,SJC,North America,San Jose,786 ms
104.18.12.13,SJC,North America,San Jose,788 ms
104.16.99.235,SJC,North America,San Jose,789 ms
104.17.169.29,SJC,North America,San Jose,789 ms
104.16.163.204,SJC,North America,San Jose,790 ms
104.19.196.160,SJC,North America,San Jose,790 ms
104.17.32.111,SJC,North America,San Jose,792 ms
104.17.206.153,SJC,North America,San Jose,794 ms
104.16.147.109,SJC,North America,San Jose,797 ms
104.17.152.114,SJC,North America,San Jose,797 ms
104.16.238.55,SJC,North America,San Jose,798 ms
104.17.176.125,SJC,North America,San Jose,801 ms
104.19.151.101,SJC,North America,San Jose,801 ms
104.16.182.29,SJC,North America,San Jose,806 ms
104.17.99.7,SJC,North America,San Jose,807 ms
104.18.184.60,SJC,North America,San Jose,808 ms
104.17.208.172,SJC,North America,San Jose,809 ms
104.16.233.69,SJC,North America,San Jose,810 ms
104.19.229.190,SJC,North America,San Jose,811 ms
104.16.89.121,SJC,North America,San Jose,813 ms
104.17.24.213,SJC,North America,San Jose,814 ms
104.17.192.182,SJC,North America,San Jose,814 ms
104.16.190.56,SJC,North America,San Jose,815 ms
104.19.220.48,SJC,North America,San Jose,815 ms
104.19.160.206,SJC,North America,San Jose,819 ms
104.17.52.117,SJC,North America,San Jose,819 ms
104.19.194.96,SJC,North America,San Jose,821 ms
104.16.174.115,SJC,North America,San Jose,822 ms
104.17.174.74,SJC,North America,San Jose,822 ms
104.19.195.180,SJC,North America,San Jose,823 ms
104.17.36.92,SJC,North America,San Jose,823 ms
108.162.198.49,SJC,North America,San Jose,825 ms
104.16.77.193,SJC,North America,San Jose,828 ms
104.16.172.65,SJC,North America,San Jose,828 ms
104.16.253.74,SJC,North America,San Jose,830 ms
104.16.249.240,SJC,North America,San Jose,830 ms
104.17.31.223,SJC,North America,San Jose,831 ms
104.16.30.188,SJC,North America,San Jose,831 ms
104.19.184.104,SJC,North America,San Jose,836 ms
104.19.148.136,SJC,North America,San Jose,836 ms
104.18.44.8,SJC,North America,San Jose,837 ms
104.18.105.76,SJC,North America,San Jose,838 ms
1.0.0.59,SJC,North America,San Jose,838 ms
104.19.179.1,SJC,North America,San Jose,839 ms
104.16.138.139,SJC,North America,San Jose,842 ms
104.16.94.74,SJC,North America,San Jose,848 ms
104.17.40.141,SJC,North America,San Jose,849 ms
104.16.232.201,SJC,North America,San Jose,850 ms
108.162.192.196,SJC,North America,San Jose,851 ms
104.19.177.50,SJC,North America,San Jose,851 ms
104.18.201.71,SJC,North America,San Jose,851 ms
104.16.224.72,SJC,North America,San Jose,852 ms
104.17.207.53,SJC,North America,San Jose,853 ms
104.17.159.21,SJC,North America,San Jose,854 ms
162.159.14.84,SJC,North America,San Jose,854 ms
104.18.234.233,SJC,North America,San Jose,856 ms
104.18.207.92,SJC,North America,San Jose,860 ms
104.17.249.146,SJC,North America,San Jose,861 ms
104.18.238.221,SJC,North America,San Jose,864 ms
104.18.99.0,SJC,North America,San Jose,872 ms
190.93.244.71,SJC,North America,San Jose,873 ms
162.159.9.128,SJC,North America,San Jose,873 ms
104.16.178.192,SJC,North America,San Jose,876 ms
104.18.240.161,SJC,North America,San Jose,876 ms
104.17.214.235,SJC,North America,San Jose,879 ms
104.19.210.212,SJC,North America,San Jose,879 ms
104.19.205.113,SJC,North America,San Jose,883 ms
198.41.223.103,SJC,North America,San Jose,884 ms
104.18.89.181,SJC,North America,San Jose,886 ms
162.159.17.196,SJC,North America,San Jose,889 ms
104.17.18.127,SJC,North America,San Jose,889 ms
104.16.87.26,SJC,North America,San Jose,891 ms
198.41.200.142,SJC,North America,San Jose,893 ms
104.16.155.219,SJC,North America,San Jose,896 ms
104.17.43.185,SJC,North America,San Jose,899 ms
198.41.203.32,SJC,North America,San Jose,899 ms
104.17.84.20,SJC,North America,San Jose,902 ms
104.19.233.74,SJC,North America,San Jose,904 ms
104.17.150.10,SJC,North America,San Jose,905 ms
162.159.15.142,SJC,North America,San Jose,905 ms
104.17.118.36,SJC,North America,San Jose,906 ms
173.245.59.111,SJC,North America,San Jose,906 ms
104.17.37.113,SJC,North America,San Jose,907 ms
104.19.235.235,SJC,North America,San Jose,907 ms
104.18.249.56,SJC,North America,San Jose,909 ms
104.17.108.29,SJC,North America,San Jose,910 ms
104.18.79.144,SJC,North America,San Jose,910 ms
104.17.13.142,SJC,North America,San Jose,911 ms
162.159.16.89,SJC,North America,San Jose,914 ms
104.17.16.31,SJC,North America,San Jose,915 ms
104.17.210.213,SJC,North America,San Jose,917 ms
104.16.251.255,SJC,North America,San Jose,923 ms
104.18.227.219,SJC,North America,San Jose,923 ms
104.17.199.162,SJC,North America,San Jose,926 ms
104.18.231.192,SJC,North America,San Jose,927 ms
104.16.243.114,SJC,North America,San Jose,932 ms
104.17.3.114,SJC,North America,San Jose,934 ms
104.16.207.141,SJC,North America,San Jose,936 ms
104.18.162.236,SJC,North America,San Jose,941 ms
104.16.237.83,SJC,North America,San Jose,941 ms
104.19.197.207,SJC,North America,San Jose,942 ms
104.16.255.196,SJC,North America,San Jose,942 ms
104.17.194.217,SJC,North America,San Jose,943 ms
104.19.199.64,SJC,North America,San Jose,947 ms
104.16.195.155,SJC,North America,San Jose,947 ms
104.17.33.37,SJC,North America,San Jose,947 ms
23.227.60.140,SJC,North America,San Jose,947 ms
104.18.196.232,SJC,North America,San Jose,948 ms
104.18.149.128,SJC,North America,San Jose,949 ms
104.19.165.157,SJC,North America,San Jose,950 ms
104.16.202.179,SJC,North America,San Jose,953 ms
104.16.5.253,SJC,North America,San Jose,953 ms
104.17.117.1,SJC,North America,San Jose,953 ms
104.16.242.100,SJC,North America,San Jose,954 ms
104.18.145.139,SJC,North America,San Jose,954 ms
104.18.195.223,SJC,North America,San Jose,955 ms
104.18.139.228,SJC,North America,San Jose,958 ms
104.19.218.139,SJC,North America,San Jose,959 ms
198.41.201.143,SJC,North America,San Jose,959 ms
104.19.163.222,SJC,North America,San Jose,960 ms
104.19.209.211,SJC,North America,San Jose,960 ms
104.17.94.89,SJC,North America,San Jose,961 ms
104.16.12.230,SJC,North America,San Jose,962 ms
104.19.200.45,SJC,North America,San Jose,963 ms
198.217.251.182,SJC,North America,San Jose,964 ms
104.18.173.173,SJC,North America,San Jose,965 ms
104.18.180.28,SJC,North America,San Jose,965 ms
104.18.158.220,SJC,North America,San Jose,965 ms
104.19.158.128,SJC,North America,San Jose,966 ms
104.16.254.75,SJC,North America,San Jose,966 ms
104.19.157.179,SJC,North America,San Jose,969 ms
104.17.38.42,SJC,North America,San Jose,972 ms
104.18.177.88,SJC,North America,San Jose,972 ms
104.18.130.55,SJC,North America,San Jose,975 ms
104.19.198.106,SJC,North America,San Jose,977 ms
104.16.29.243,SJC,North America,San Jose,978 ms
104.17.30.52,SJC,North America,San Jose,979 ms
104.16.86.51,SJC,North America,San Jose,979 ms
104.17.45.114,SJC,North America,San Jose,980 ms
104.17.47.83,SJC,North America,San Jose,980 ms
104.16.21.140,SJC,North America,San Jose,981 ms
104.16.82.23,SJC,North America,San Jose,982 ms
104.16.60.58,SJC,North America,San Jose,983 ms
104.17.185.213,SJC,North America,San Jose,984 ms
104.16.63.87,SJC,North America,San Jose,985 ms
104.18.106.99,SJC,North America,San Jose,985 ms
104.18.71.227,SJC,North America,San Jose,985 ms
104.19.221.48,SJC,North America,San Jose,986 ms
198.41.214.117,SJC,North America,San Jose,988 ms
104.17.10.192,SJC,North America,San Jose,989 ms
104.19.159.97,SJC,North America,San Jose,989 ms
104.19.193.120,SJC,North America,San Jose,991 ms
104.19.228.142,SJC,North America,San Jose,992 ms
104.19.217.85,SJC,North America,San Jose,994 ms
162.159.136.165,SJC,North America,San Jose,997 ms
104.18.88.82,SJC,North America,San Jose,998 ms
104.16.108.33,SJC,North America,San Jose,998 ms
104.19.150.205,SJC,North America,San Jose,998 ms
198.41.217.133,SJC,North America,San Jose,999 ms
104.19.222.13,SJC,North America,San Jose,1000 ms
104.19.146.78,SJC,North America,San Jose,1000 ms
104.16.226.192,SJC,North America,San Jose,1000 ms
104.19.234.181,SJC,North America,San Jose,1001 ms
104.18.166.182,SJC,North America,San Jose,1009 ms
